Using pre-set license
Built from '2022.3/staging' branch; Version is '2022.3.50f1 (c3db7f8bf9b1) revision 12835711'; Using compiler version '192829333'; Build Type 'Release'
OS: 'Windows 10  (10.0.19045) 64bit Professional' Language: 'es' Physical Memory: 65220 MB
BatchMode: 1, IsHumanControllingUs: 0, StartBugReporterOnCrash: 0, Is64bit: 1, IsPro: 1

COMMAND LINE ARGUMENTS:
C:\Program Files\Unity\Hub\Editor\2022.3.50f1\Editor\Unity.exe
-adb2
-batchMode
-noUpm
-name
AssetImportWorker0
-projectPath
C:/Users/user/Unitys/Pruebas/Configs_Diffs_Avatars
-logFile
Logs/AssetImportWorker0.log
-srvPort
57433
Successfully changed project path to: C:/Users/user/Unitys/Pruebas/Configs_Diffs_Avatars
C:/Users/user/Unitys/Pruebas/Configs_Diffs_Avatars
[UnityMemory] Configuration Parameters - Can be set up in boot.config
    "memorysetup-bucket-allocator-granularity=16"
    "memorysetup-bucket-allocator-bucket-count=8"
    "memorysetup-bucket-allocator-block-size=33554432"
    "memorysetup-bucket-allocator-block-count=8"
    "memorysetup-main-allocator-block-size=16777216"
    "memorysetup-thread-allocator-block-size=16777216"
    "memorysetup-gfx-main-allocator-block-size=16777216"
    "memorysetup-gfx-thread-allocator-block-size=16777216"
    "memorysetup-cache-allocator-block-size=4194304"
    "memorysetup-typetree-allocator-block-size=2097152"
    "memorysetup-profiler-bucket-allocator-granularity=16"
    "memorysetup-profiler-bucket-allocator-bucket-count=8"
    "memorysetup-profiler-bucket-allocator-block-size=33554432"
    "memorysetup-profiler-bucket-allocator-block-count=8"
    "memorysetup-profiler-allocator-block-size=16777216"
    "memorysetup-profiler-editor-allocator-block-size=1048576"
    "memorysetup-temp-allocator-size-main=16777216"
    "memorysetup-job-temp-allocator-block-size=2097152"
    "memorysetup-job-temp-allocator-block-size-background=1048576"
    "memorysetup-job-temp-allocator-reduction-small-platforms=262144"
    "memorysetup-allocator-temp-initial-block-size-main=262144"
    "memorysetup-allocator-temp-initial-block-size-worker=262144"
    "memorysetup-temp-allocator-size-background-worker=32768"
    "memorysetup-temp-allocator-size-job-worker=262144"
    "memorysetup-temp-allocator-size-preload-manager=33554432"
    "memorysetup-temp-allocator-size-nav-mesh-worker=65536"
    "memorysetup-temp-allocator-size-audio-worker=65536"
    "memorysetup-temp-allocator-size-cloud-worker=32768"
    "memorysetup-temp-allocator-size-gi-baking-worker=262144"
    "memorysetup-temp-allocator-size-gfx=262144"
Player connection [30860]  Target information:

Player connection [30860]  * "[IP] 130.66.76.67 [Port] 0 [Flags] 2 [Guid] 4236466756 [EditorId] 4236466756 [Version] 1048832 [Id] WindowsEditor(7,pc-ls2n-galan-7780) [Debug] 1 [PackageName] WindowsEditor [ProjectName] Editor" 

Player connection [30860] Host joined multi-casting on [225.0.0.222:54997]...
Player connection [30860] Host joined alternative multi-casting on [225.0.0.222:34997]...
[PhysX] Initialized MultithreadedTaskDispatcher with 32 workers.
Refreshing native plugins compatible for Editor in 27.99 ms, found 18 plugins.
Preloading 2 native plugins for Editor in 2.20 ms.
Initialize engine version: 2022.3.50f1 (c3db7f8bf9b1)
[Subsystems] Discovering subsystems at path C:/Program Files/Unity/Hub/Editor/2022.3.50f1/Editor/Data/Resources/UnitySubsystems
[Subsystems] Discovering subsystems at path C:/Users/user/Unitys/Pruebas/Configs_Diffs_Avatars/Assets
GfxDevice: creating device client; threaded=0; jobified=0
Direct3D:
    Version:  Direct3D 11.0 [level 11.1]
    Renderer: NVIDIA GeForce RTX 4090 Laptop GPU (ID=0x2717)
    Vendor:   NVIDIA
    VRAM:     16050 MB
    Driver:   31.0.15.5274
Shader 'Meta/MRUK/Scene/HighlightsAndShadows': fallback shader 'Off' not found
Shader 'Oculus/OVRMRCameraFrameLit': fallback shader 'Alpha-Diffuse' not found
Initialize mono
Mono path[0] = 'C:/Program Files/Unity/Hub/Editor/2022.3.50f1/Editor/Data/Managed'
Mono path[1] = 'C:/Program Files/Unity/Hub/Editor/2022.3.50f1/Editor/Data/MonoBleedingEdge/lib/mono/unityjit-win32'
Mono config path = 'C:/Program Files/Unity/Hub/Editor/2022.3.50f1/Editor/Data/MonoBleedingEdge/etc'
Using monoOptions --debugger-agent=transport=dt_socket,embedding=1,server=y,suspend=n,address=127.0.0.1:56288
Begin MonoManager ReloadAssembly
Registering precompiled unity dll's ...
Register platform support module: C:/Program Files/Unity/Hub/Editor/2022.3.50f1/Editor/Data/PlaybackEngines/WebGLSupport/UnityEditor.WebGL.Extensions.dll
Register platform support module: C:/Program Files/Unity/Hub/Editor/2022.3.50f1/Editor/Data/PlaybackEngines/AndroidPlayer/UnityEditor.Android.Extensions.dll
Register platform support module: C:/Program Files/Unity/Hub/Editor/2022.3.50f1/Editor/Data/PlaybackEngines/WindowsStandaloneSupport/UnityEditor.WindowsStandalone.Extensions.dll
Register platform support module: C:/Program Files/Unity/Hub/Editor/2022.3.50f1/Editor/Data/PlaybackEngines/MetroSupport/UnityEditor.UWP.Extensions.dll
Registered in 0.009203 seconds.
- Loaded All Assemblies, in  0.299 seconds
Native extension for UWP target not found
Native extension for WindowsStandalone target not found
Native extension for Android target not found
Android Extension - Scanning For ADB Devices 551 ms
Native extension for WebGL target not found
Mono: successfully reloaded assembly
- Finished resetting the current domain, in  0.852 seconds
Domain Reload Profiling: 1150ms
	BeginReloadAssembly (117ms)
		ExecutionOrderSort (0ms)
		DisableScriptedObjects (0ms)
		BackupInstance (0ms)
		ReleaseScriptingObjects (0ms)
		CreateAndSetChildDomain (1ms)
	RebuildCommonClasses (23ms)
	RebuildNativeTypeToScriptingClass (6ms)
	initialDomainReloadingComplete (45ms)
	LoadAllAssembliesAndSetupDomain (106ms)
		LoadAssemblies (116ms)
		RebuildTransferFunctionScriptingTraits (0ms)
		AnalyzeDomain (103ms)
			TypeCache.Refresh (102ms)
				TypeCache.ScanAssembly (92ms)
			ScanForSourceGeneratedMonoScriptInfo (0ms)
			ResolveRequiredComponents (0ms)
	FinalizeReload (853ms)
		ReleaseScriptCaches (0ms)
		RebuildScriptCaches (0ms)
		SetupLoadedEditorAssemblies (819ms)
			LogAssemblyErrors (0ms)
			InitializePlatformSupportModulesInManaged (652ms)
			SetLoadedEditorAssemblies (5ms)
			RefreshPlugins (0ms)
			BeforeProcessingInitializeOnLoad (3ms)
			ProcessInitializeOnLoadAttributes (110ms)
			ProcessInitializeOnLoadMethodAttributes (50ms)
			AfterProcessingInitializeOnLoad (0ms)
			EditorAssembliesLoaded (0ms)
		ExecutionOrderSort2 (0ms)
		AwakeInstancesAfterBackupRestoration (0ms)
========================================================================
Worker process is ready to serve import requests
Caller must complete domain reload
Begin MonoManager ReloadAssembly
Symbol file LoadedFromMemory is not a mono symbol file
- Loaded All Assemblies, in  0.853 seconds
Native extension for UWP target not found
Native extension for WindowsStandalone target not found
Native extension for Android target not found
Native extension for WebGL target not found
Package Manager log level set to [2]
[Package Manager] Server::EnsureServerProcessIsRunning -- launch failed, reason: Unity was launched with the -noUpm command-line argument
[Package Manager] UpmClient::Send -- Unable to send message (not connected to UPM process).
[Package Manager] Cannot connect to Unity Package Manager local server
[Package Manager] Server::EnsureServerProcessIsRunning -- launch failed, reason: Unity was launched with the -noUpm command-line argument
[Package Manager] UpmClient::Send -- Unable to send message (not connected to UPM process).
[Package Manager] Cannot connect to Unity Package Manager local server
[Package Manager] Server::EnsureServerProcessIsRunning -- launch failed, reason: Unity was launched with the -noUpm command-line argument
[Package Manager] UpmClient::Send -- Unable to send message (not connected to UPM process).
[Package Manager] Cannot connect to Unity Package Manager local server
Mono: successfully reloaded assembly
[Package Manager] Server::EnsureServerProcessIsRunning -- launch failed, reason: Unity was launched with the -noUpm command-line argument
[Package Manager] UpmClient::Send -- Unable to send message (not connected to UPM process).
[Package Manager] Cannot connect to Unity Package Manager local server
[Package Manager] Server::EnsureServerProcessIsRunning -- launch failed, reason: Unity was launched with the -noUpm command-line argument
[Package Manager] UpmClient::Send -- Unable to send message (not connected to UPM process).
[Package Manager] Cannot connect to Unity Package Manager local server
- Finished resetting the current domain, in  0.848 seconds
Domain Reload Profiling: 1693ms
	BeginReloadAssembly (117ms)
		ExecutionOrderSort (0ms)
		DisableScriptedObjects (3ms)
		BackupInstance (0ms)
		ReleaseScriptingObjects (0ms)
		CreateAndSetChildDomain (18ms)
	RebuildCommonClasses (27ms)
	RebuildNativeTypeToScriptingClass (7ms)
	initialDomainReloadingComplete (45ms)
	LoadAllAssembliesAndSetupDomain (650ms)
		LoadAssemblies (352ms)
		RebuildTransferFunctionScriptingTraits (0ms)
		AnalyzeDomain (369ms)
			TypeCache.Refresh (325ms)
				TypeCache.ScanAssembly (300ms)
			ScanForSourceGeneratedMonoScriptInfo (28ms)
			ResolveRequiredComponents (14ms)
	FinalizeReload (848ms)
		ReleaseScriptCaches (0ms)
		RebuildScriptCaches (0ms)
		SetupLoadedEditorAssemblies (646ms)
			LogAssemblyErrors (0ms)
			InitializePlatformSupportModulesInManaged (23ms)
			SetLoadedEditorAssemblies (6ms)
			RefreshPlugins (0ms)
			BeforeProcessingInitializeOnLoad (75ms)
			ProcessInitializeOnLoadAttributes (482ms)
			ProcessInitializeOnLoadMethodAttributes (55ms)
			AfterProcessingInitializeOnLoad (5ms)
			EditorAssembliesLoaded (0ms)
		ExecutionOrderSort2 (0ms)
		AwakeInstancesAfterBackupRestoration (5ms)
Shader 'Oculus/OVRMRCameraFrameLit': fallback shader 'Alpha-Diffuse' not found
Shader 'Meta/MRUK/Scene/HighlightsAndShadows': fallback shader 'Off' not found
Launched and connected shader compiler UnityShaderCompiler.exe after 0.07 seconds
Refreshing native plugins compatible for Editor in 33.01 ms, found 18 plugins.
Preloading 2 native plugins for Editor in 0.50 ms.
Unloading 7250 Unused Serialized files (Serialized files now loaded: 0)
Unloading 124 unused Assets / (0.5 MB). Loaded Objects now: 7701.
Memory consumption went from 254.9 MB to 254.4 MB.
Total: 8.065000 ms (FindLiveObjects: 0.541800 ms CreateObjectMapping: 0.162500 ms MarkObjects: 6.984500 ms  DeleteObjects: 0.374900 ms)

AssetImportParameters requested are different than current active one (requested -> active):
  custom:container-demuxer-ogg: 62fdf1f143b41e24485cea50d1cbac27 -> 
  custom:framework-win-MediaFoundation: 216162199b28c13a410421893ffa2e32 -> 
  custom:container-muxer-webm: aa71ff27fc2769a1b78a27578f13a17b -> 
  custom:video-decoder-webm-vp8: 9c59270c3fd7afecdb556c50c9e8de78 -> 
  custom:SearchIndexIgnoredProperties: e643bd26f0fe6173181afceb89e7c659 -> 
  custom:AudioImporter_EditorPlatform: d09bf68614088b80899f8185d706f6e7 -> 
  custom:audio-decoder-ogg-vorbis: bf7c407c2cedff20999df2af8eb42d56 -> 
  custom:audio-encoder-webm-vorbis: bf7c407c2cedff20999df2af8eb42d56 -> 
  custom:video-decoder-ogg-theora: a1e56fd34408186e4bbccfd4996cb3dc -> 
  custom:CustomObjectIndexerAttribute: 9a22284fe3817be447336de3de66b15e -> 
  custom:container-demuxer-webm: 4f35f7cbe854078d1ac9338744f61a02 -> 
  custom:video-encoder-webm-vp8: eb34c28f22e8b96e1ab97ce403110664 -> 
========================================================================
Received Import Request.
  Time since last request: 10106.404002 seconds.
  path: Assets/Scripts/RotationDifference.cs
  artifactKey: Guid(892e2d7cbdf980e4b9ea97a23e808d76) Importer(815301076,1909f56bfc062723c751e8b465ee728b)
Start importing Assets/Scripts/RotationDifference.cs using Guid(892e2d7cbdf980e4b9ea97a23e808d76) Importer(815301076,1909f56bfc062723c751e8b465ee728b) [PhysX] Initialized MultithreadedTaskDispatcher with 32 workers.
 -> (artifact id: 'd844ebc5fc7cdabaac1cded23816f82e') in 0.002455 seconds
Number of updated asset objects reloaded before import = 0
Number of asset objects unloaded after import = 0
========================================================================
Received Prepare
Caller must complete domain reload
Begin MonoManager ReloadAssembly
Symbol file LoadedFromMemory is not a mono symbol file
- Loaded All Assemblies, in  1.165 seconds
Native extension for UWP target not found
Native extension for WindowsStandalone target not found
Native extension for Android target not found
Native extension for WebGL target not found
[Package Manager] Server::EnsureServerProcessIsRunning -- launch failed, reason: Unity was launched with the -noUpm command-line argument
[Package Manager] UpmClient::Send -- Unable to send message (not connected to UPM process).
[Package Manager] Cannot connect to Unity Package Manager local server
[Package Manager] Server::EnsureServerProcessIsRunning -- launch failed, reason: Unity was launched with the -noUpm command-line argument
[Package Manager] UpmClient::Send -- Unable to send message (not connected to UPM process).
[Package Manager] Cannot connect to Unity Package Manager local server
[Package Manager] Server::EnsureServerProcessIsRunning -- launch failed, reason: Unity was launched with the -noUpm command-line argument
[Package Manager] UpmClient::Send -- Unable to send message (not connected to UPM process).
[Package Manager] Cannot connect to Unity Package Manager local server
Mono: successfully reloaded assembly
[Package Manager] Server::EnsureServerProcessIsRunning -- launch failed, reason: Unity was launched with the -noUpm command-line argument
[Package Manager] UpmClient::Send -- Unable to send message (not connected to UPM process).
[Package Manager] Cannot connect to Unity Package Manager local server
- Finished resetting the current domain, in  1.755 seconds
Domain Reload Profiling: 2903ms
	BeginReloadAssembly (353ms)
		ExecutionOrderSort (0ms)
		DisableScriptedObjects (8ms)
		BackupInstance (0ms)
		ReleaseScriptingObjects (0ms)
		CreateAndSetChildDomain (105ms)
	RebuildCommonClasses (64ms)
	RebuildNativeTypeToScriptingClass (27ms)
	initialDomainReloadingComplete (59ms)
	LoadAllAssembliesAndSetupDomain (644ms)
		LoadAssemblies (746ms)
		RebuildTransferFunctionScriptingTraits (0ms)
		AnalyzeDomain (69ms)
			TypeCache.Refresh (16ms)
				TypeCache.ScanAssembly (0ms)
			ScanForSourceGeneratedMonoScriptInfo (0ms)
			ResolveRequiredComponents (49ms)
	FinalizeReload (1755ms)
		ReleaseScriptCaches (0ms)
		RebuildScriptCaches (0ms)
		SetupLoadedEditorAssemblies (880ms)
			LogAssemblyErrors (0ms)
			InitializePlatformSupportModulesInManaged (21ms)
			SetLoadedEditorAssemblies (9ms)
			RefreshPlugins (0ms)
			BeforeProcessingInitializeOnLoad (122ms)
			ProcessInitializeOnLoadAttributes (654ms)
			ProcessInitializeOnLoadMethodAttributes (64ms)
			AfterProcessingInitializeOnLoad (9ms)
			EditorAssembliesLoaded (1ms)
		ExecutionOrderSort2 (0ms)
		AwakeInstancesAfterBackupRestoration (10ms)
Shader 'Oculus/OVRMRCameraFrameLit': fallback shader 'Alpha-Diffuse' not found
Shader 'Meta/MRUK/Scene/HighlightsAndShadows': fallback shader 'Off' not found
Refreshing native plugins compatible for Editor in 39.57 ms, found 18 plugins.
Preloading 2 native plugins for Editor in 0.56 ms.
Unloading 7149 Unused Serialized files (Serialized files now loaded: 0)
Unloading 117 unused Assets / (497.6 KB). Loaded Objects now: 7705.
Memory consumption went from 231.1 MB to 230.6 MB.
Total: 9.194800 ms (FindLiveObjects: 0.839100 ms CreateObjectMapping: 0.254500 ms MarkObjects: 7.725000 ms  DeleteObjects: 0.375300 ms)

Prepare: number of updated asset objects reloaded= 0
AssetImportParameters requested are different than current active one (requested -> active):
  custom:container-demuxer-ogg: 62fdf1f143b41e24485cea50d1cbac27 -> 
  custom:framework-win-MediaFoundation: 216162199b28c13a410421893ffa2e32 -> 
  custom:container-muxer-webm: aa71ff27fc2769a1b78a27578f13a17b -> 
  custom:video-decoder-webm-vp8: 9c59270c3fd7afecdb556c50c9e8de78 -> 
  custom:SearchIndexIgnoredProperties: e643bd26f0fe6173181afceb89e7c659 -> 
  custom:AudioImporter_EditorPlatform: d09bf68614088b80899f8185d706f6e7 -> 
  custom:audio-decoder-ogg-vorbis: bf7c407c2cedff20999df2af8eb42d56 -> 
  custom:audio-encoder-webm-vorbis: bf7c407c2cedff20999df2af8eb42d56 -> 
  custom:video-decoder-ogg-theora: a1e56fd34408186e4bbccfd4996cb3dc -> 
  custom:CustomObjectIndexerAttribute: 9a22284fe3817be447336de3de66b15e -> 
  custom:container-demuxer-webm: 4f35f7cbe854078d1ac9338744f61a02 -> 
  custom:video-encoder-webm-vp8: eb34c28f22e8b96e1ab97ce403110664 -> 
========================================================================
Received Prepare
Caller must complete domain reload
Begin MonoManager ReloadAssembly
Symbol file LoadedFromMemory is not a mono symbol file
- Loaded All Assemblies, in  1.218 seconds
Native extension for UWP target not found
Native extension for WindowsStandalone target not found
Native extension for Android target not found
Native extension for WebGL target not found
[Package Manager] Server::EnsureServerProcessIsRunning -- launch failed, reason: Unity was launched with the -noUpm command-line argument
[Package Manager] UpmClient::Send -- Unable to send message (not connected to UPM process).
[Package Manager] Cannot connect to Unity Package Manager local server
[Package Manager] Server::EnsureServerProcessIsRunning -- launch failed, reason: Unity was launched with the -noUpm command-line argument
[Package Manager] UpmClient::Send -- Unable to send message (not connected to UPM process).
[Package Manager] Cannot connect to Unity Package Manager local server
[Package Manager] Server::EnsureServerProcessIsRunning -- launch failed, reason: Unity was launched with the -noUpm command-line argument
[Package Manager] UpmClient::Send -- Unable to send message (not connected to UPM process).
[Package Manager] Cannot connect to Unity Package Manager local server
Mono: successfully reloaded assembly
[Package Manager] Server::EnsureServerProcessIsRunning -- launch failed, reason: Unity was launched with the -noUpm command-line argument
[Package Manager] UpmClient::Send -- Unable to send message (not connected to UPM process).
[Package Manager] Cannot connect to Unity Package Manager local server
- Finished resetting the current domain, in  2.109 seconds
Domain Reload Profiling: 3314ms
	BeginReloadAssembly (271ms)
		ExecutionOrderSort (0ms)
		DisableScriptedObjects (6ms)
		BackupInstance (0ms)
		ReleaseScriptingObjects (0ms)
		CreateAndSetChildDomain (75ms)
	RebuildCommonClasses (55ms)
	RebuildNativeTypeToScriptingClass (29ms)
	initialDomainReloadingComplete (47ms)
	LoadAllAssembliesAndSetupDomain (803ms)
		LoadAssemblies (629ms)
		RebuildTransferFunctionScriptingTraits (0ms)
		AnalyzeDomain (306ms)
			TypeCache.Refresh (226ms)
				TypeCache.ScanAssembly (199ms)
			ScanForSourceGeneratedMonoScriptInfo (53ms)
			ResolveRequiredComponents (26ms)
	FinalizeReload (2109ms)
		ReleaseScriptCaches (0ms)
		RebuildScriptCaches (0ms)
		SetupLoadedEditorAssemblies (1158ms)
			LogAssemblyErrors (0ms)
			InitializePlatformSupportModulesInManaged (33ms)
			SetLoadedEditorAssemblies (6ms)
			RefreshPlugins (0ms)
			BeforeProcessingInitializeOnLoad (170ms)
			ProcessInitializeOnLoadAttributes (821ms)
			ProcessInitializeOnLoadMethodAttributes (113ms)
			AfterProcessingInitializeOnLoad (16ms)
			EditorAssembliesLoaded (1ms)
		ExecutionOrderSort2 (0ms)
		AwakeInstancesAfterBackupRestoration (15ms)
Shader 'Oculus/OVRMRCameraFrameLit': fallback shader 'Alpha-Diffuse' not found
Shader 'Meta/MRUK/Scene/HighlightsAndShadows': fallback shader 'Off' not found
Refreshing native plugins compatible for Editor in 38.78 ms, found 18 plugins.
Preloading 2 native plugins for Editor in 0.51 ms.
Unloading 7150 Unused Serialized files (Serialized files now loaded: 0)
Unloading 117 unused Assets / (489.7 KB). Loaded Objects now: 7709.
Memory consumption went from 231.4 MB to 231.0 MB.
Total: 11.853800 ms (FindLiveObjects: 0.645100 ms CreateObjectMapping: 0.258700 ms MarkObjects: 10.491600 ms  DeleteObjects: 0.457300 ms)

Prepare: number of updated asset objects reloaded= 0
AssetImportParameters requested are different than current active one (requested -> active):
  custom:container-demuxer-ogg: 62fdf1f143b41e24485cea50d1cbac27 -> 
  custom:scripting/precompiled-assembly-types:Unity.PlasticSCM.Editor: 6422b6ca0d4c4c6df738ede20396ac4f -> 61b19ddb92073bec3b858fc919e16e73
  custom:scripting/precompiled-assembly-types:Meta.XR.Audio.Editor: 1eac87452233ea86dd04901a7ceb57e0 -> c02188882d26f40a1917e6d94184aaf4
  custom:framework-win-MediaFoundation: 216162199b28c13a410421893ffa2e32 -> 
  custom:scripting/precompiled-assembly-types:Unity.Timeline.Editor: b4313fba5652ee5a8449f3ec85f31ae4 -> 534d7c71c4dd9147ea00599cede121e1
  custom:scripting/precompiled-assembly-types:Meta.XR.BuildingBlocks.Editor: 69bfac43088fc2ac006732773810bd46 -> a09f0738fd6c81a6db5bb2123aeae89d
  custom:container-muxer-webm: aa71ff27fc2769a1b78a27578f13a17b -> 
  custom:video-decoder-webm-vp8: 9c59270c3fd7afecdb556c50c9e8de78 -> 
  custom:SearchIndexIgnoredProperties: e643bd26f0fe6173181afceb89e7c659 -> 
  custom:AudioImporter_EditorPlatform: d09bf68614088b80899f8185d706f6e7 -> 
  custom:scripting/precompiled-assembly-types:Unity.VisualScripting.Core.Editor: 1ac958119c4ad755d50390246b13522a -> 39597c0f3a76e24d87d64afa59c5f88d
  custom:scripting/precompiled-assembly-types:Unity.InputSystem: 7e4ac2e2a87c4f80cdf0b0a4975e85dc -> 785cafa545bbe73e3ae893412b423588
  custom:scripting/precompiled-assembly-types:Oculus.VR: 6502b0247b46d197562b215adc00fa8c -> 7c8b897337947a27720ebc9478aae940
  custom:scripting/precompiled-assembly-types:Meta.WitAi.Conduit.Editor: 02d324be68c4777f7dcd4423c11d1b60 -> ef9a63f8b87d060d528155e044066a30
  custom:audio-decoder-ogg-vorbis: bf7c407c2cedff20999df2af8eb42d56 -> 
  custom:audio-encoder-webm-vorbis: bf7c407c2cedff20999df2af8eb42d56 -> 
  custom:scripting/precompiled-assembly-types:Meta.XR.ImmersiveDebugger.Editor: 910d623f458ea727ba7150025b07dd4b -> e6c34eecc89e2b6ec09aad3c749c8e7c
  custom:video-decoder-ogg-theora: a1e56fd34408186e4bbccfd4996cb3dc -> 
  custom:CustomObjectIndexerAttribute: 9a22284fe3817be447336de3de66b15e -> 
  custom:container-demuxer-webm: 4f35f7cbe854078d1ac9338744f61a02 -> 
  custom:scripting/precompiled-assembly-types:Unity.XR.OpenXR: 1824cdf5325d3e8dd1885d4f9c5aa8bf -> 10bc3f1864d59f230b0a53c5ec5cc9c8
  custom:scripting/precompiled-assembly-types:UnityEngine.TestRunner: 7a4d96a0696e29157328c6996c3b82c5 -> f5758234275f5346968d00e3b1a1c0e4
  custom:video-encoder-webm-vp8: eb34c28f22e8b96e1ab97ce403110664 -> 
========================================================================
Received Prepare
Caller must complete domain reload
Begin MonoManager ReloadAssembly
Symbol file LoadedFromMemory is not a mono symbol file
- Loaded All Assemblies, in  0.996 seconds
Native extension for UWP target not found
Native extension for WindowsStandalone target not found
Native extension for Android target not found
Native extension for WebGL target not found
[Package Manager] Server::EnsureServerProcessIsRunning -- launch failed, reason: Unity was launched with the -noUpm command-line argument
[Package Manager] UpmClient::Send -- Unable to send message (not connected to UPM process).
[Package Manager] Cannot connect to Unity Package Manager local server
[Package Manager] Server::EnsureServerProcessIsRunning -- launch failed, reason: Unity was launched with the -noUpm command-line argument
[Package Manager] UpmClient::Send -- Unable to send message (not connected to UPM process).
[Package Manager] Cannot connect to Unity Package Manager local server
[Package Manager] Server::EnsureServerProcessIsRunning -- launch failed, reason: Unity was launched with the -noUpm command-line argument
[Package Manager] UpmClient::Send -- Unable to send message (not connected to UPM process).
[Package Manager] Cannot connect to Unity Package Manager local server
Mono: successfully reloaded assembly
[Package Manager] Server::EnsureServerProcessIsRunning -- launch failed, reason: Unity was launched with the -noUpm command-line argument
[Package Manager] UpmClient::Send -- Unable to send message (not connected to UPM process).
[Package Manager] Cannot connect to Unity Package Manager local server
- Finished resetting the current domain, in  1.981 seconds
Domain Reload Profiling: 2967ms
	BeginReloadAssembly (254ms)
		ExecutionOrderSort (0ms)
		DisableScriptedObjects (5ms)
		BackupInstance (0ms)
		ReleaseScriptingObjects (0ms)
		CreateAndSetChildDomain (76ms)
	RebuildCommonClasses (46ms)
	RebuildNativeTypeToScriptingClass (20ms)
	initialDomainReloadingComplete (44ms)
	LoadAllAssembliesAndSetupDomain (620ms)
		LoadAssemblies (700ms)
		RebuildTransferFunctionScriptingTraits (0ms)
		AnalyzeDomain (44ms)
			TypeCache.Refresh (12ms)
				TypeCache.ScanAssembly (0ms)
			ScanForSourceGeneratedMonoScriptInfo (0ms)
			ResolveRequiredComponents (30ms)
	FinalizeReload (1982ms)
		ReleaseScriptCaches (0ms)
		RebuildScriptCaches (0ms)
		SetupLoadedEditorAssemblies (1034ms)
			LogAssemblyErrors (0ms)
			InitializePlatformSupportModulesInManaged (30ms)
			SetLoadedEditorAssemblies (6ms)
			RefreshPlugins (0ms)
			BeforeProcessingInitializeOnLoad (147ms)
			ProcessInitializeOnLoadAttributes (740ms)
			ProcessInitializeOnLoadMethodAttributes (97ms)
			AfterProcessingInitializeOnLoad (13ms)
			EditorAssembliesLoaded (1ms)
		ExecutionOrderSort2 (0ms)
		AwakeInstancesAfterBackupRestoration (14ms)
Shader 'Oculus/OVRMRCameraFrameLit': fallback shader 'Alpha-Diffuse' not found
Shader 'Meta/MRUK/Scene/HighlightsAndShadows': fallback shader 'Off' not found
Refreshing native plugins compatible for Editor in 34.51 ms, found 18 plugins.
Preloading 2 native plugins for Editor in 0.72 ms.
Unloading 7150 Unused Serialized files (Serialized files now loaded: 0)
Unloading 117 unused Assets / (489.7 KB). Loaded Objects now: 7713.
Memory consumption went from 231.5 MB to 231.0 MB.
Total: 10.241000 ms (FindLiveObjects: 0.669800 ms CreateObjectMapping: 0.201400 ms MarkObjects: 8.922100 ms  DeleteObjects: 0.446600 ms)

Prepare: number of updated asset objects reloaded= 0
AssetImportParameters requested are different than current active one (requested -> active):
  custom:container-demuxer-ogg: 62fdf1f143b41e24485cea50d1cbac27 -> 
  custom:scripting/precompiled-assembly-types:Unity.PlasticSCM.Editor: 6422b6ca0d4c4c6df738ede20396ac4f -> 61b19ddb92073bec3b858fc919e16e73
  custom:scripting/precompiled-assembly-types:Meta.XR.Audio.Editor: 1eac87452233ea86dd04901a7ceb57e0 -> c02188882d26f40a1917e6d94184aaf4
  custom:framework-win-MediaFoundation: 216162199b28c13a410421893ffa2e32 -> 
  custom:scripting/precompiled-assembly-types:Unity.Timeline.Editor: b4313fba5652ee5a8449f3ec85f31ae4 -> 534d7c71c4dd9147ea00599cede121e1
  custom:scripting/precompiled-assembly-types:Meta.XR.BuildingBlocks.Editor: 69bfac43088fc2ac006732773810bd46 -> a09f0738fd6c81a6db5bb2123aeae89d
  custom:container-muxer-webm: aa71ff27fc2769a1b78a27578f13a17b -> 
  custom:video-decoder-webm-vp8: 9c59270c3fd7afecdb556c50c9e8de78 -> 
  custom:SearchIndexIgnoredProperties: e643bd26f0fe6173181afceb89e7c659 -> 
  custom:AudioImporter_EditorPlatform: d09bf68614088b80899f8185d706f6e7 -> 
  custom:scripting/precompiled-assembly-types:Unity.VisualScripting.Core.Editor: 1ac958119c4ad755d50390246b13522a -> 39597c0f3a76e24d87d64afa59c5f88d
  custom:scripting/precompiled-assembly-types:Unity.InputSystem: 7e4ac2e2a87c4f80cdf0b0a4975e85dc -> 785cafa545bbe73e3ae893412b423588
  custom:scripting/precompiled-assembly-types:Oculus.VR: 6502b0247b46d197562b215adc00fa8c -> 7c8b897337947a27720ebc9478aae940
  custom:scripting/precompiled-assembly-types:Meta.WitAi.Conduit.Editor: 02d324be68c4777f7dcd4423c11d1b60 -> ef9a63f8b87d060d528155e044066a30
  custom:audio-decoder-ogg-vorbis: bf7c407c2cedff20999df2af8eb42d56 -> 
  custom:audio-encoder-webm-vorbis: bf7c407c2cedff20999df2af8eb42d56 -> 
  custom:scripting/precompiled-assembly-types:Meta.XR.ImmersiveDebugger.Editor: 910d623f458ea727ba7150025b07dd4b -> e6c34eecc89e2b6ec09aad3c749c8e7c
  custom:video-decoder-ogg-theora: a1e56fd34408186e4bbccfd4996cb3dc -> 
  custom:CustomObjectIndexerAttribute: 9a22284fe3817be447336de3de66b15e -> 
  custom:container-demuxer-webm: 4f35f7cbe854078d1ac9338744f61a02 -> 
  custom:scripting/precompiled-assembly-types:Unity.XR.OpenXR: 1824cdf5325d3e8dd1885d4f9c5aa8bf -> 10bc3f1864d59f230b0a53c5ec5cc9c8
  custom:scripting/precompiled-assembly-types:UnityEngine.TestRunner: 7a4d96a0696e29157328c6996c3b82c5 -> f5758234275f5346968d00e3b1a1c0e4
  custom:video-encoder-webm-vp8: eb34c28f22e8b96e1ab97ce403110664 -> 
========================================================================
Received Prepare
Caller must complete domain reload
Begin MonoManager ReloadAssembly
Symbol file LoadedFromMemory is not a mono symbol file
- Loaded All Assemblies, in  0.621 seconds
Native extension for UWP target not found
Native extension for WindowsStandalone target not found
Native extension for Android target not found
Native extension for WebGL target not found
[Package Manager] Server::EnsureServerProcessIsRunning -- launch failed, reason: Unity was launched with the -noUpm command-line argument
[Package Manager] UpmClient::Send -- Unable to send message (not connected to UPM process).
[Package Manager] Cannot connect to Unity Package Manager local server
[Package Manager] Server::EnsureServerProcessIsRunning -- launch failed, reason: Unity was launched with the -noUpm command-line argument
[Package Manager] UpmClient::Send -- Unable to send message (not connected to UPM process).
[Package Manager] Cannot connect to Unity Package Manager local server
[Package Manager] Server::EnsureServerProcessIsRunning -- launch failed, reason: Unity was launched with the -noUpm command-line argument
[Package Manager] UpmClient::Send -- Unable to send message (not connected to UPM process).
[Package Manager] Cannot connect to Unity Package Manager local server
Mono: successfully reloaded assembly
[Package Manager] Server::EnsureServerProcessIsRunning -- launch failed, reason: Unity was launched with the -noUpm command-line argument
[Package Manager] UpmClient::Send -- Unable to send message (not connected to UPM process).
[Package Manager] Cannot connect to Unity Package Manager local server
- Finished resetting the current domain, in  1.176 seconds
Domain Reload Profiling: 1790ms
	BeginReloadAssembly (202ms)
		ExecutionOrderSort (0ms)
		DisableScriptedObjects (3ms)
		BackupInstance (0ms)
		ReleaseScriptingObjects (0ms)
		CreateAndSetChildDomain (65ms)
	RebuildCommonClasses (33ms)
	RebuildNativeTypeToScriptingClass (14ms)
	initialDomainReloadingComplete (33ms)
	LoadAllAssembliesAndSetupDomain (331ms)
		LoadAssemblies (347ms)
		RebuildTransferFunctionScriptingTraits (0ms)
		AnalyzeDomain (73ms)
			TypeCache.Refresh (17ms)
				TypeCache.ScanAssembly (0ms)
			ScanForSourceGeneratedMonoScriptInfo (31ms)
			ResolveRequiredComponents (23ms)
	FinalizeReload (1177ms)
		ReleaseScriptCaches (0ms)
		RebuildScriptCaches (0ms)
		SetupLoadedEditorAssemblies (571ms)
			LogAssemblyErrors (0ms)
			InitializePlatformSupportModulesInManaged (15ms)
			SetLoadedEditorAssemblies (3ms)
			RefreshPlugins (0ms)
			BeforeProcessingInitializeOnLoad (79ms)
			ProcessInitializeOnLoadAttributes (411ms)
			ProcessInitializeOnLoadMethodAttributes (53ms)
			AfterProcessingInitializeOnLoad (9ms)
			EditorAssembliesLoaded (0ms)
		ExecutionOrderSort2 (0ms)
		AwakeInstancesAfterBackupRestoration (10ms)
Shader 'Oculus/OVRMRCameraFrameLit': fallback shader 'Alpha-Diffuse' not found
Shader 'Meta/MRUK/Scene/HighlightsAndShadows': fallback shader 'Off' not found
Refreshing native plugins compatible for Editor in 22.96 ms, found 18 plugins.
Preloading 2 native plugins for Editor in 0.36 ms.
Unloading 7150 Unused Serialized files (Serialized files now loaded: 0)
Unloading 117 unused Assets / (497.7 KB). Loaded Objects now: 7717.
Memory consumption went from 231.5 MB to 231.0 MB.
Total: 6.293900 ms (FindLiveObjects: 0.319100 ms CreateObjectMapping: 0.143400 ms MarkObjects: 5.575200 ms  DeleteObjects: 0.254600 ms)

Prepare: number of updated asset objects reloaded= 0
AssetImportParameters requested are different than current active one (requested -> active):
  custom:container-demuxer-ogg: 62fdf1f143b41e24485cea50d1cbac27 -> 
  custom:scripting/precompiled-assembly-types:Unity.PlasticSCM.Editor: 6422b6ca0d4c4c6df738ede20396ac4f -> 61b19ddb92073bec3b858fc919e16e73
  custom:scripting/precompiled-assembly-types:Meta.XR.Audio.Editor: 1eac87452233ea86dd04901a7ceb57e0 -> c02188882d26f40a1917e6d94184aaf4
  custom:framework-win-MediaFoundation: 216162199b28c13a410421893ffa2e32 -> 
  custom:scripting/precompiled-assembly-types:Unity.Timeline.Editor: b4313fba5652ee5a8449f3ec85f31ae4 -> 534d7c71c4dd9147ea00599cede121e1
  custom:scripting/precompiled-assembly-types:Meta.XR.BuildingBlocks.Editor: 69bfac43088fc2ac006732773810bd46 -> a09f0738fd6c81a6db5bb2123aeae89d
  custom:container-muxer-webm: aa71ff27fc2769a1b78a27578f13a17b -> 
  custom:video-decoder-webm-vp8: 9c59270c3fd7afecdb556c50c9e8de78 -> 
  custom:SearchIndexIgnoredProperties: e643bd26f0fe6173181afceb89e7c659 -> 
  custom:AudioImporter_EditorPlatform: d09bf68614088b80899f8185d706f6e7 -> 
  custom:scripting/precompiled-assembly-types:Unity.VisualScripting.Core.Editor: 1ac958119c4ad755d50390246b13522a -> 39597c0f3a76e24d87d64afa59c5f88d
  custom:scripting/precompiled-assembly-types:Unity.InputSystem: 7e4ac2e2a87c4f80cdf0b0a4975e85dc -> 785cafa545bbe73e3ae893412b423588
  custom:scripting/precompiled-assembly-types:Oculus.VR: 6502b0247b46d197562b215adc00fa8c -> 7c8b897337947a27720ebc9478aae940
  custom:scripting/precompiled-assembly-types:Meta.WitAi.Conduit.Editor: 02d324be68c4777f7dcd4423c11d1b60 -> ef9a63f8b87d060d528155e044066a30
  custom:audio-decoder-ogg-vorbis: bf7c407c2cedff20999df2af8eb42d56 -> 
  custom:audio-encoder-webm-vorbis: bf7c407c2cedff20999df2af8eb42d56 -> 
  custom:scripting/precompiled-assembly-types:Meta.XR.ImmersiveDebugger.Editor: 910d623f458ea727ba7150025b07dd4b -> e6c34eecc89e2b6ec09aad3c749c8e7c
  custom:video-decoder-ogg-theora: a1e56fd34408186e4bbccfd4996cb3dc -> 
  custom:CustomObjectIndexerAttribute: 9a22284fe3817be447336de3de66b15e -> 
  custom:container-demuxer-webm: 4f35f7cbe854078d1ac9338744f61a02 -> 
  custom:scripting/precompiled-assembly-types:Unity.XR.OpenXR: 1824cdf5325d3e8dd1885d4f9c5aa8bf -> 10bc3f1864d59f230b0a53c5ec5cc9c8
  custom:scripting/precompiled-assembly-types:UnityEngine.TestRunner: 7a4d96a0696e29157328c6996c3b82c5 -> f5758234275f5346968d00e3b1a1c0e4
  custom:video-encoder-webm-vp8: eb34c28f22e8b96e1ab97ce403110664 -> 
========================================================================
Received Prepare
Caller must complete domain reload
Begin MonoManager ReloadAssembly
Symbol file LoadedFromMemory is not a mono symbol file
- Loaded All Assemblies, in  0.559 seconds
Native extension for UWP target not found
Native extension for WindowsStandalone target not found
Native extension for Android target not found
Native extension for WebGL target not found
[Package Manager] Server::EnsureServerProcessIsRunning -- launch failed, reason: Unity was launched with the -noUpm command-line argument
[Package Manager] UpmClient::Send -- Unable to send message (not connected to UPM process).
[Package Manager] Cannot connect to Unity Package Manager local server
[Package Manager] Server::EnsureServerProcessIsRunning -- launch failed, reason: Unity was launched with the -noUpm command-line argument
[Package Manager] UpmClient::Send -- Unable to send message (not connected to UPM process).
[Package Manager] Cannot connect to Unity Package Manager local server
[Package Manager] Server::EnsureServerProcessIsRunning -- launch failed, reason: Unity was launched with the -noUpm command-line argument
[Package Manager] UpmClient::Send -- Unable to send message (not connected to UPM process).
[Package Manager] Cannot connect to Unity Package Manager local server
Mono: successfully reloaded assembly
[Package Manager] Server::EnsureServerProcessIsRunning -- launch failed, reason: Unity was launched with the -noUpm command-line argument
[Package Manager] UpmClient::Send -- Unable to send message (not connected to UPM process).
[Package Manager] Cannot connect to Unity Package Manager local server
- Finished resetting the current domain, in  1.142 seconds
Domain Reload Profiling: 1694ms
	BeginReloadAssembly (174ms)
		ExecutionOrderSort (0ms)
		DisableScriptedObjects (2ms)
		BackupInstance (0ms)
		ReleaseScriptingObjects (0ms)
		CreateAndSetChildDomain (57ms)
	RebuildCommonClasses (32ms)
	RebuildNativeTypeToScriptingClass (13ms)
	initialDomainReloadingComplete (32ms)
	LoadAllAssembliesAndSetupDomain (300ms)
		LoadAssemblies (329ms)
		RebuildTransferFunctionScriptingTraits (0ms)
		AnalyzeDomain (51ms)
			TypeCache.Refresh (12ms)
				TypeCache.ScanAssembly (0ms)
			ScanForSourceGeneratedMonoScriptInfo (21ms)
			ResolveRequiredComponents (16ms)
	FinalizeReload (1143ms)
		ReleaseScriptCaches (0ms)
		RebuildScriptCaches (0ms)
		SetupLoadedEditorAssemblies (616ms)
			LogAssemblyErrors (0ms)
			InitializePlatformSupportModulesInManaged (20ms)
			SetLoadedEditorAssemblies (4ms)
			RefreshPlugins (0ms)
			BeforeProcessingInitializeOnLoad (81ms)
			ProcessInitializeOnLoadAttributes (438ms)
			ProcessInitializeOnLoadMethodAttributes (65ms)
			AfterProcessingInitializeOnLoad (8ms)
			EditorAssembliesLoaded (0ms)
		ExecutionOrderSort2 (0ms)
		AwakeInstancesAfterBackupRestoration (9ms)
Shader 'Oculus/OVRMRCameraFrameLit': fallback shader 'Alpha-Diffuse' not found
Shader 'Meta/MRUK/Scene/HighlightsAndShadows': fallback shader 'Off' not found
Refreshing native plugins compatible for Editor in 26.02 ms, found 18 plugins.
Preloading 2 native plugins for Editor in 0.57 ms.
Unloading 7150 Unused Serialized files (Serialized files now loaded: 0)
Unloading 117 unused Assets / (489.8 KB). Loaded Objects now: 7721.
Memory consumption went from 231.3 MB to 230.9 MB.
Total: 6.625800 ms (FindLiveObjects: 0.431100 ms CreateObjectMapping: 0.199700 ms MarkObjects: 5.699100 ms  DeleteObjects: 0.294200 ms)

Prepare: number of updated asset objects reloaded= 0
AssetImportParameters requested are different than current active one (requested -> active):
  custom:container-demuxer-ogg: 62fdf1f143b41e24485cea50d1cbac27 -> 
  custom:scripting/precompiled-assembly-types:Unity.PlasticSCM.Editor: 6422b6ca0d4c4c6df738ede20396ac4f -> 61b19ddb92073bec3b858fc919e16e73
  custom:scripting/precompiled-assembly-types:Meta.XR.Audio.Editor: 1eac87452233ea86dd04901a7ceb57e0 -> c02188882d26f40a1917e6d94184aaf4
  custom:framework-win-MediaFoundation: 216162199b28c13a410421893ffa2e32 -> 
  custom:scripting/precompiled-assembly-types:Unity.Timeline.Editor: b4313fba5652ee5a8449f3ec85f31ae4 -> 534d7c71c4dd9147ea00599cede121e1
  custom:scripting/precompiled-assembly-types:Meta.XR.BuildingBlocks.Editor: 69bfac43088fc2ac006732773810bd46 -> a09f0738fd6c81a6db5bb2123aeae89d
  custom:container-muxer-webm: aa71ff27fc2769a1b78a27578f13a17b -> 
  custom:video-decoder-webm-vp8: 9c59270c3fd7afecdb556c50c9e8de78 -> 
  custom:SearchIndexIgnoredProperties: e643bd26f0fe6173181afceb89e7c659 -> 
  custom:AudioImporter_EditorPlatform: d09bf68614088b80899f8185d706f6e7 -> 
  custom:scripting/precompiled-assembly-types:Unity.VisualScripting.Core.Editor: 1ac958119c4ad755d50390246b13522a -> 39597c0f3a76e24d87d64afa59c5f88d
  custom:scripting/precompiled-assembly-types:Unity.InputSystem: 7e4ac2e2a87c4f80cdf0b0a4975e85dc -> 785cafa545bbe73e3ae893412b423588
  custom:scripting/precompiled-assembly-types:Oculus.VR: 6502b0247b46d197562b215adc00fa8c -> 7c8b897337947a27720ebc9478aae940
  custom:scripting/precompiled-assembly-types:Meta.WitAi.Conduit.Editor: 02d324be68c4777f7dcd4423c11d1b60 -> ef9a63f8b87d060d528155e044066a30
  custom:audio-decoder-ogg-vorbis: bf7c407c2cedff20999df2af8eb42d56 -> 
  custom:audio-encoder-webm-vorbis: bf7c407c2cedff20999df2af8eb42d56 -> 
  custom:scripting/precompiled-assembly-types:Meta.XR.ImmersiveDebugger.Editor: 910d623f458ea727ba7150025b07dd4b -> e6c34eecc89e2b6ec09aad3c749c8e7c
  custom:video-decoder-ogg-theora: a1e56fd34408186e4bbccfd4996cb3dc -> 
  custom:CustomObjectIndexerAttribute: 9a22284fe3817be447336de3de66b15e -> 
  custom:container-demuxer-webm: 4f35f7cbe854078d1ac9338744f61a02 -> 
  custom:scripting/precompiled-assembly-types:Unity.XR.OpenXR: 1824cdf5325d3e8dd1885d4f9c5aa8bf -> 10bc3f1864d59f230b0a53c5ec5cc9c8
  custom:scripting/precompiled-assembly-types:UnityEngine.TestRunner: 7a4d96a0696e29157328c6996c3b82c5 -> f5758234275f5346968d00e3b1a1c0e4
  custom:video-encoder-webm-vp8: eb34c28f22e8b96e1ab97ce403110664 -> 
========================================================================
Received Prepare
Caller must complete domain reload
Begin MonoManager ReloadAssembly
Symbol file LoadedFromMemory is not a mono symbol file
- Loaded All Assemblies, in  0.583 seconds
Native extension for UWP target not found
Native extension for WindowsStandalone target not found
Native extension for Android target not found
Native extension for WebGL target not found
[Package Manager] Server::EnsureServerProcessIsRunning -- launch failed, reason: Unity was launched with the -noUpm command-line argument
[Package Manager] UpmClient::Send -- Unable to send message (not connected to UPM process).
[Package Manager] Cannot connect to Unity Package Manager local server
[Package Manager] Server::EnsureServerProcessIsRunning -- launch failed, reason: Unity was launched with the -noUpm command-line argument
[Package Manager] UpmClient::Send -- Unable to send message (not connected to UPM process).
[Package Manager] Cannot connect to Unity Package Manager local server
[Package Manager] Server::EnsureServerProcessIsRunning -- launch failed, reason: Unity was launched with the -noUpm command-line argument
[Package Manager] UpmClient::Send -- Unable to send message (not connected to UPM process).
[Package Manager] Cannot connect to Unity Package Manager local server
Mono: successfully reloaded assembly
[Package Manager] Server::EnsureServerProcessIsRunning -- launch failed, reason: Unity was launched with the -noUpm command-line argument
[Package Manager] UpmClient::Send -- Unable to send message (not connected to UPM process).
[Package Manager] Cannot connect to Unity Package Manager local server
- Finished resetting the current domain, in  1.176 seconds
Domain Reload Profiling: 1751ms
	BeginReloadAssembly (174ms)
		ExecutionOrderSort (0ms)
		DisableScriptedObjects (3ms)
		BackupInstance (0ms)
		ReleaseScriptingObjects (0ms)
		CreateAndSetChildDomain (41ms)
	RebuildCommonClasses (27ms)
	RebuildNativeTypeToScriptingClass (9ms)
	initialDomainReloadingComplete (25ms)
	LoadAllAssembliesAndSetupDomain (340ms)
		LoadAssemblies (387ms)
		RebuildTransferFunctionScriptingTraits (0ms)
		AnalyzeDomain (48ms)
			TypeCache.Refresh (11ms)
				TypeCache.ScanAssembly (0ms)
			ScanForSourceGeneratedMonoScriptInfo (19ms)
			ResolveRequiredComponents (16ms)
	FinalizeReload (1176ms)
		ReleaseScriptCaches (0ms)
		RebuildScriptCaches (0ms)
		SetupLoadedEditorAssemblies (591ms)
			LogAssemblyErrors (0ms)
			InitializePlatformSupportModulesInManaged (21ms)
			SetLoadedEditorAssemblies (4ms)
			RefreshPlugins (0ms)
			BeforeProcessingInitializeOnLoad (76ms)
			ProcessInitializeOnLoadAttributes (430ms)
			ProcessInitializeOnLoadMethodAttributes (52ms)
			AfterProcessingInitializeOnLoad (8ms)
			EditorAssembliesLoaded (0ms)
		ExecutionOrderSort2 (0ms)
		AwakeInstancesAfterBackupRestoration (9ms)
Shader 'Oculus/OVRMRCameraFrameLit': fallback shader 'Alpha-Diffuse' not found
Shader 'Meta/MRUK/Scene/HighlightsAndShadows': fallback shader 'Off' not found
Refreshing native plugins compatible for Editor in 21.72 ms, found 18 plugins.
Preloading 2 native plugins for Editor in 0.23 ms.
Unloading 7150 Unused Serialized files (Serialized files now loaded: 0)
Unloading 117 unused Assets / (497.8 KB). Loaded Objects now: 7725.
Memory consumption went from 231.5 MB to 231.0 MB.
Total: 7.039100 ms (FindLiveObjects: 0.325000 ms CreateObjectMapping: 0.181500 ms MarkObjects: 6.225800 ms  DeleteObjects: 0.305200 ms)

Prepare: number of updated asset objects reloaded= 0
AssetImportParameters requested are different than current active one (requested -> active):
  custom:container-demuxer-ogg: 62fdf1f143b41e24485cea50d1cbac27 -> 
  custom:scripting/precompiled-assembly-types:Unity.PlasticSCM.Editor: 6422b6ca0d4c4c6df738ede20396ac4f -> 61b19ddb92073bec3b858fc919e16e73
  custom:scripting/precompiled-assembly-types:Meta.XR.Audio.Editor: 1eac87452233ea86dd04901a7ceb57e0 -> c02188882d26f40a1917e6d94184aaf4
  custom:framework-win-MediaFoundation: 216162199b28c13a410421893ffa2e32 -> 
  custom:scripting/precompiled-assembly-types:Unity.Timeline.Editor: b4313fba5652ee5a8449f3ec85f31ae4 -> 534d7c71c4dd9147ea00599cede121e1
  custom:scripting/precompiled-assembly-types:Meta.XR.BuildingBlocks.Editor: 69bfac43088fc2ac006732773810bd46 -> a09f0738fd6c81a6db5bb2123aeae89d
  custom:container-muxer-webm: aa71ff27fc2769a1b78a27578f13a17b -> 
  custom:video-decoder-webm-vp8: 9c59270c3fd7afecdb556c50c9e8de78 -> 
  custom:SearchIndexIgnoredProperties: e643bd26f0fe6173181afceb89e7c659 -> 
  custom:AudioImporter_EditorPlatform: d09bf68614088b80899f8185d706f6e7 -> 
  custom:scripting/precompiled-assembly-types:Unity.VisualScripting.Core.Editor: 1ac958119c4ad755d50390246b13522a -> 39597c0f3a76e24d87d64afa59c5f88d
  custom:scripting/precompiled-assembly-types:Unity.InputSystem: 7e4ac2e2a87c4f80cdf0b0a4975e85dc -> 785cafa545bbe73e3ae893412b423588
  custom:scripting/precompiled-assembly-types:Oculus.VR: 6502b0247b46d197562b215adc00fa8c -> 7c8b897337947a27720ebc9478aae940
  custom:scripting/precompiled-assembly-types:Meta.WitAi.Conduit.Editor: 02d324be68c4777f7dcd4423c11d1b60 -> ef9a63f8b87d060d528155e044066a30
  custom:audio-decoder-ogg-vorbis: bf7c407c2cedff20999df2af8eb42d56 -> 
  custom:audio-encoder-webm-vorbis: bf7c407c2cedff20999df2af8eb42d56 -> 
  custom:scripting/precompiled-assembly-types:Meta.XR.ImmersiveDebugger.Editor: 910d623f458ea727ba7150025b07dd4b -> e6c34eecc89e2b6ec09aad3c749c8e7c
  custom:video-decoder-ogg-theora: a1e56fd34408186e4bbccfd4996cb3dc -> 
  custom:CustomObjectIndexerAttribute: 9a22284fe3817be447336de3de66b15e -> 
  custom:container-demuxer-webm: 4f35f7cbe854078d1ac9338744f61a02 -> 
  custom:scripting/precompiled-assembly-types:Unity.XR.OpenXR: 1824cdf5325d3e8dd1885d4f9c5aa8bf -> 10bc3f1864d59f230b0a53c5ec5cc9c8
  custom:scripting/precompiled-assembly-types:UnityEngine.TestRunner: 7a4d96a0696e29157328c6996c3b82c5 -> f5758234275f5346968d00e3b1a1c0e4
  custom:video-encoder-webm-vp8: eb34c28f22e8b96e1ab97ce403110664 -> 
========================================================================
Received Prepare
Caller must complete domain reload
Begin MonoManager ReloadAssembly
Symbol file LoadedFromMemory is not a mono symbol file
- Loaded All Assemblies, in  0.553 seconds
Native extension for UWP target not found
Native extension for WindowsStandalone target not found
Native extension for Android target not found
Native extension for WebGL target not found
[Package Manager] Server::EnsureServerProcessIsRunning -- launch failed, reason: Unity was launched with the -noUpm command-line argument
[Package Manager] UpmClient::Send -- Unable to send message (not connected to UPM process).
[Package Manager] Cannot connect to Unity Package Manager local server
[Package Manager] Server::EnsureServerProcessIsRunning -- launch failed, reason: Unity was launched with the -noUpm command-line argument
[Package Manager] UpmClient::Send -- Unable to send message (not connected to UPM process).
[Package Manager] Cannot connect to Unity Package Manager local server
[Package Manager] Server::EnsureServerProcessIsRunning -- launch failed, reason: Unity was launched with the -noUpm command-line argument
[Package Manager] UpmClient::Send -- Unable to send message (not connected to UPM process).
[Package Manager] Cannot connect to Unity Package Manager local server
Mono: successfully reloaded assembly
[Package Manager] Server::EnsureServerProcessIsRunning -- launch failed, reason: Unity was launched with the -noUpm command-line argument
[Package Manager] UpmClient::Send -- Unable to send message (not connected to UPM process).
[Package Manager] Cannot connect to Unity Package Manager local server
- Finished resetting the current domain, in  1.294 seconds
Domain Reload Profiling: 1843ms
	BeginReloadAssembly (201ms)
		ExecutionOrderSort (0ms)
		DisableScriptedObjects (3ms)
		BackupInstance (0ms)
		ReleaseScriptingObjects (0ms)
		CreateAndSetChildDomain (66ms)
	RebuildCommonClasses (32ms)
	RebuildNativeTypeToScriptingClass (7ms)
	initialDomainReloadingComplete (22ms)
	LoadAllAssembliesAndSetupDomain (286ms)
		LoadAssemblies (331ms)
		RebuildTransferFunctionScriptingTraits (0ms)
		AnalyzeDomain (50ms)
			TypeCache.Refresh (13ms)
				TypeCache.ScanAssembly (0ms)
			ScanForSourceGeneratedMonoScriptInfo (21ms)
			ResolveRequiredComponents (14ms)
	FinalizeReload (1295ms)
		ReleaseScriptCaches (0ms)
		RebuildScriptCaches (0ms)
		SetupLoadedEditorAssemblies (625ms)
			LogAssemblyErrors (0ms)
			InitializePlatformSupportModulesInManaged (26ms)
			SetLoadedEditorAssemblies (5ms)
			RefreshPlugins (0ms)
			BeforeProcessingInitializeOnLoad (96ms)
			ProcessInitializeOnLoadAttributes (448ms)
			ProcessInitializeOnLoadMethodAttributes (45ms)
			AfterProcessingInitializeOnLoad (5ms)
			EditorAssembliesLoaded (0ms)
		ExecutionOrderSort2 (0ms)
		AwakeInstancesAfterBackupRestoration (6ms)
Shader 'Oculus/OVRMRCameraFrameLit': fallback shader 'Alpha-Diffuse' not found
Shader 'Meta/MRUK/Scene/HighlightsAndShadows': fallback shader 'Off' not found
Refreshing native plugins compatible for Editor in 23.98 ms, found 18 plugins.
Preloading 2 native plugins for Editor in 0.41 ms.
Unloading 7150 Unused Serialized files (Serialized files now loaded: 0)
Unloading 117 unused Assets / (497.9 KB). Loaded Objects now: 7729.
Memory consumption went from 231.5 MB to 231.0 MB.
Total: 6.568800 ms (FindLiveObjects: 0.387600 ms CreateObjectMapping: 0.181100 ms MarkObjects: 5.724700 ms  DeleteObjects: 0.274500 ms)

Prepare: number of updated asset objects reloaded= 0
AssetImportParameters requested are different than current active one (requested -> active):
  custom:container-demuxer-ogg: 62fdf1f143b41e24485cea50d1cbac27 -> 
  custom:scripting/precompiled-assembly-types:Unity.PlasticSCM.Editor: 6422b6ca0d4c4c6df738ede20396ac4f -> 61b19ddb92073bec3b858fc919e16e73
  custom:scripting/precompiled-assembly-types:Meta.XR.Audio.Editor: 1eac87452233ea86dd04901a7ceb57e0 -> c02188882d26f40a1917e6d94184aaf4
  custom:framework-win-MediaFoundation: 216162199b28c13a410421893ffa2e32 -> 
  custom:scripting/precompiled-assembly-types:Unity.Timeline.Editor: b4313fba5652ee5a8449f3ec85f31ae4 -> 534d7c71c4dd9147ea00599cede121e1
  custom:scripting/precompiled-assembly-types:Meta.XR.BuildingBlocks.Editor: 69bfac43088fc2ac006732773810bd46 -> a09f0738fd6c81a6db5bb2123aeae89d
  custom:container-muxer-webm: aa71ff27fc2769a1b78a27578f13a17b -> 
  custom:video-decoder-webm-vp8: 9c59270c3fd7afecdb556c50c9e8de78 -> 
  custom:SearchIndexIgnoredProperties: e643bd26f0fe6173181afceb89e7c659 -> 
  custom:AudioImporter_EditorPlatform: d09bf68614088b80899f8185d706f6e7 -> 
  custom:scripting/precompiled-assembly-types:Unity.VisualScripting.Core.Editor: 1ac958119c4ad755d50390246b13522a -> 39597c0f3a76e24d87d64afa59c5f88d
  custom:scripting/precompiled-assembly-types:Unity.InputSystem: 7e4ac2e2a87c4f80cdf0b0a4975e85dc -> 785cafa545bbe73e3ae893412b423588
  custom:scripting/precompiled-assembly-types:Oculus.VR: 6502b0247b46d197562b215adc00fa8c -> 7c8b897337947a27720ebc9478aae940
  custom:scripting/precompiled-assembly-types:Meta.WitAi.Conduit.Editor: 02d324be68c4777f7dcd4423c11d1b60 -> ef9a63f8b87d060d528155e044066a30
  custom:audio-decoder-ogg-vorbis: bf7c407c2cedff20999df2af8eb42d56 -> 
  custom:audio-encoder-webm-vorbis: bf7c407c2cedff20999df2af8eb42d56 -> 
  custom:scripting/precompiled-assembly-types:Meta.XR.ImmersiveDebugger.Editor: 910d623f458ea727ba7150025b07dd4b -> e6c34eecc89e2b6ec09aad3c749c8e7c
  custom:video-decoder-ogg-theora: a1e56fd34408186e4bbccfd4996cb3dc -> 
  custom:CustomObjectIndexerAttribute: 9a22284fe3817be447336de3de66b15e -> 
  custom:container-demuxer-webm: 4f35f7cbe854078d1ac9338744f61a02 -> 
  custom:scripting/precompiled-assembly-types:Unity.XR.OpenXR: 1824cdf5325d3e8dd1885d4f9c5aa8bf -> 10bc3f1864d59f230b0a53c5ec5cc9c8
  custom:scripting/precompiled-assembly-types:UnityEngine.TestRunner: 7a4d96a0696e29157328c6996c3b82c5 -> f5758234275f5346968d00e3b1a1c0e4
  custom:video-encoder-webm-vp8: eb34c28f22e8b96e1ab97ce403110664 -> 
========================================================================
Received Prepare
Caller must complete domain reload
Begin MonoManager ReloadAssembly
Symbol file LoadedFromMemory is not a mono symbol file
- Loaded All Assemblies, in  0.583 seconds
Native extension for UWP target not found
Native extension for WindowsStandalone target not found
Native extension for Android target not found
Native extension for WebGL target not found
[Package Manager] Server::EnsureServerProcessIsRunning -- launch failed, reason: Unity was launched with the -noUpm command-line argument
[Package Manager] UpmClient::Send -- Unable to send message (not connected to UPM process).
[Package Manager] Cannot connect to Unity Package Manager local server
[Package Manager] Server::EnsureServerProcessIsRunning -- launch failed, reason: Unity was launched with the -noUpm command-line argument
[Package Manager] UpmClient::Send -- Unable to send message (not connected to UPM process).
[Package Manager] Cannot connect to Unity Package Manager local server
[Package Manager] Server::EnsureServerProcessIsRunning -- launch failed, reason: Unity was launched with the -noUpm command-line argument
[Package Manager] UpmClient::Send -- Unable to send message (not connected to UPM process).
[Package Manager] Cannot connect to Unity Package Manager local server
Mono: successfully reloaded assembly
[Package Manager] Server::EnsureServerProcessIsRunning -- launch failed, reason: Unity was launched with the -noUpm command-line argument
[Package Manager] UpmClient::Send -- Unable to send message (not connected to UPM process).
[Package Manager] Cannot connect to Unity Package Manager local server
- Finished resetting the current domain, in  1.141 seconds
Domain Reload Profiling: 1719ms
	BeginReloadAssembly (171ms)
		ExecutionOrderSort (0ms)
		DisableScriptedObjects (2ms)
		BackupInstance (0ms)
		ReleaseScriptingObjects (0ms)
		CreateAndSetChildDomain (49ms)
	RebuildCommonClasses (28ms)
	RebuildNativeTypeToScriptingClass (13ms)
	initialDomainReloadingComplete (28ms)
	LoadAllAssembliesAndSetupDomain (339ms)
		LoadAssemblies (368ms)
		RebuildTransferFunctionScriptingTraits (0ms)
		AnalyzeDomain (55ms)
			TypeCache.Refresh (16ms)
				TypeCache.ScanAssembly (0ms)
			ScanForSourceGeneratedMonoScriptInfo (22ms)
			ResolveRequiredComponents (15ms)
	FinalizeReload (1141ms)
		ReleaseScriptCaches (0ms)
		RebuildScriptCaches (0ms)
		SetupLoadedEditorAssemblies (616ms)
			LogAssemblyErrors (0ms)
			InitializePlatformSupportModulesInManaged (17ms)
			SetLoadedEditorAssemblies (4ms)
			RefreshPlugins (0ms)
			BeforeProcessingInitializeOnLoad (83ms)
			ProcessInitializeOnLoadAttributes (465ms)
			ProcessInitializeOnLoadMethodAttributes (43ms)
			AfterProcessingInitializeOnLoad (5ms)
			EditorAssembliesLoaded (0ms)
		ExecutionOrderSort2 (0ms)
		AwakeInstancesAfterBackupRestoration (6ms)
Shader 'Oculus/OVRMRCameraFrameLit': fallback shader 'Alpha-Diffuse' not found
Shader 'Meta/MRUK/Scene/HighlightsAndShadows': fallback shader 'Off' not found
Refreshing native plugins compatible for Editor in 29.02 ms, found 18 plugins.
Preloading 2 native plugins for Editor in 0.53 ms.
Unloading 7150 Unused Serialized files (Serialized files now loaded: 0)
Unloading 117 unused Assets / (506.0 KB). Loaded Objects now: 7733.
Memory consumption went from 231.5 MB to 231.0 MB.
Total: 9.783800 ms (FindLiveObjects: 0.621800 ms CreateObjectMapping: 0.264300 ms MarkObjects: 8.514300 ms  DeleteObjects: 0.382500 ms)

Prepare: number of updated asset objects reloaded= 0
AssetImportParameters requested are different than current active one (requested -> active):
  custom:container-demuxer-ogg: 62fdf1f143b41e24485cea50d1cbac27 -> 
  custom:scripting/precompiled-assembly-types:Unity.PlasticSCM.Editor: 6422b6ca0d4c4c6df738ede20396ac4f -> 61b19ddb92073bec3b858fc919e16e73
  custom:scripting/precompiled-assembly-types:Meta.XR.Audio.Editor: 1eac87452233ea86dd04901a7ceb57e0 -> c02188882d26f40a1917e6d94184aaf4
  custom:framework-win-MediaFoundation: 216162199b28c13a410421893ffa2e32 -> 
  custom:scripting/precompiled-assembly-types:Unity.Timeline.Editor: b4313fba5652ee5a8449f3ec85f31ae4 -> 534d7c71c4dd9147ea00599cede121e1
  custom:scripting/precompiled-assembly-types:Meta.XR.BuildingBlocks.Editor: 69bfac43088fc2ac006732773810bd46 -> a09f0738fd6c81a6db5bb2123aeae89d
  custom:container-muxer-webm: aa71ff27fc2769a1b78a27578f13a17b -> 
  custom:video-decoder-webm-vp8: 9c59270c3fd7afecdb556c50c9e8de78 -> 
  custom:SearchIndexIgnoredProperties: e643bd26f0fe6173181afceb89e7c659 -> 
  custom:AudioImporter_EditorPlatform: d09bf68614088b80899f8185d706f6e7 -> 
  custom:scripting/precompiled-assembly-types:Unity.VisualScripting.Core.Editor: 1ac958119c4ad755d50390246b13522a -> 39597c0f3a76e24d87d64afa59c5f88d
  custom:scripting/precompiled-assembly-types:Unity.InputSystem: 7e4ac2e2a87c4f80cdf0b0a4975e85dc -> 785cafa545bbe73e3ae893412b423588
  custom:scripting/precompiled-assembly-types:Oculus.VR: 6502b0247b46d197562b215adc00fa8c -> 7c8b897337947a27720ebc9478aae940
  custom:scripting/precompiled-assembly-types:Meta.WitAi.Conduit.Editor: 02d324be68c4777f7dcd4423c11d1b60 -> ef9a63f8b87d060d528155e044066a30
  custom:audio-decoder-ogg-vorbis: bf7c407c2cedff20999df2af8eb42d56 -> 
  custom:audio-encoder-webm-vorbis: bf7c407c2cedff20999df2af8eb42d56 -> 
  custom:scripting/precompiled-assembly-types:Meta.XR.ImmersiveDebugger.Editor: 910d623f458ea727ba7150025b07dd4b -> e6c34eecc89e2b6ec09aad3c749c8e7c
  custom:video-decoder-ogg-theora: a1e56fd34408186e4bbccfd4996cb3dc -> 
  custom:CustomObjectIndexerAttribute: 9a22284fe3817be447336de3de66b15e -> 
  custom:container-demuxer-webm: 4f35f7cbe854078d1ac9338744f61a02 -> 
  custom:scripting/precompiled-assembly-types:Unity.XR.OpenXR: 1824cdf5325d3e8dd1885d4f9c5aa8bf -> 10bc3f1864d59f230b0a53c5ec5cc9c8
  custom:scripting/precompiled-assembly-types:UnityEngine.TestRunner: 7a4d96a0696e29157328c6996c3b82c5 -> f5758234275f5346968d00e3b1a1c0e4
  custom:video-encoder-webm-vp8: eb34c28f22e8b96e1ab97ce403110664 -> 
========================================================================
Received Prepare
Caller must complete domain reload
Begin MonoManager ReloadAssembly
Symbol file LoadedFromMemory is not a mono symbol file
- Loaded All Assemblies, in  0.573 seconds
Native extension for UWP target not found
Native extension for WindowsStandalone target not found
Native extension for Android target not found
Native extension for WebGL target not found
[Package Manager] Server::EnsureServerProcessIsRunning -- launch failed, reason: Unity was launched with the -noUpm command-line argument
[Package Manager] UpmClient::Send -- Unable to send message (not connected to UPM process).
[Package Manager] Cannot connect to Unity Package Manager local server
[Package Manager] Server::EnsureServerProcessIsRunning -- launch failed, reason: Unity was launched with the -noUpm command-line argument
[Package Manager] UpmClient::Send -- Unable to send message (not connected to UPM process).
[Package Manager] Cannot connect to Unity Package Manager local server
[Package Manager] Server::EnsureServerProcessIsRunning -- launch failed, reason: Unity was launched with the -noUpm command-line argument
[Package Manager] UpmClient::Send -- Unable to send message (not connected to UPM process).
[Package Manager] Cannot connect to Unity Package Manager local server
Mono: successfully reloaded assembly
[Package Manager] Server::EnsureServerProcessIsRunning -- launch failed, reason: Unity was launched with the -noUpm command-line argument
[Package Manager] UpmClient::Send -- Unable to send message (not connected to UPM process).
[Package Manager] Cannot connect to Unity Package Manager local server
- Finished resetting the current domain, in  1.141 seconds
Domain Reload Profiling: 1710ms
	BeginReloadAssembly (187ms)
		ExecutionOrderSort (0ms)
		DisableScriptedObjects (3ms)
		BackupInstance (0ms)
		ReleaseScriptingObjects (0ms)
		CreateAndSetChildDomain (64ms)
	RebuildCommonClasses (31ms)
	RebuildNativeTypeToScriptingClass (10ms)
	initialDomainReloadingComplete (18ms)
	LoadAllAssembliesAndSetupDomain (323ms)
		LoadAssemblies (349ms)
		RebuildTransferFunctionScriptingTraits (0ms)
		AnalyzeDomain (49ms)
			TypeCache.Refresh (12ms)
				TypeCache.ScanAssembly (0ms)
			ScanForSourceGeneratedMonoScriptInfo (20ms)
			ResolveRequiredComponents (15ms)
	FinalizeReload (1141ms)
		ReleaseScriptCaches (0ms)
		RebuildScriptCaches (0ms)
		SetupLoadedEditorAssemblies (599ms)
			LogAssemblyErrors (0ms)
			InitializePlatformSupportModulesInManaged (29ms)
			SetLoadedEditorAssemblies (6ms)
			RefreshPlugins (0ms)
			BeforeProcessingInitializeOnLoad (101ms)
			ProcessInitializeOnLoadAttributes (419ms)
			ProcessInitializeOnLoadMethodAttributes (39ms)
			AfterProcessingInitializeOnLoad (5ms)
			EditorAssembliesLoaded (0ms)
		ExecutionOrderSort2 (0ms)
		AwakeInstancesAfterBackupRestoration (7ms)
Shader 'Oculus/OVRMRCameraFrameLit': fallback shader 'Alpha-Diffuse' not found
Shader 'Meta/MRUK/Scene/HighlightsAndShadows': fallback shader 'Off' not found
Refreshing native plugins compatible for Editor in 33.30 ms, found 18 plugins.
Preloading 2 native plugins for Editor in 0.46 ms.
Unloading 7150 Unused Serialized files (Serialized files now loaded: 0)
Unloading 117 unused Assets / (497.9 KB). Loaded Objects now: 7737.
Memory consumption went from 231.5 MB to 231.0 MB.
Total: 5.633000 ms (FindLiveObjects: 0.301100 ms CreateObjectMapping: 0.075400 ms MarkObjects: 4.997600 ms  DeleteObjects: 0.257400 ms)

Prepare: number of updated asset objects reloaded= 0
AssetImportParameters requested are different than current active one (requested -> active):
  custom:container-demuxer-ogg: 62fdf1f143b41e24485cea50d1cbac27 -> 
  custom:scripting/precompiled-assembly-types:Unity.PlasticSCM.Editor: 6422b6ca0d4c4c6df738ede20396ac4f -> 61b19ddb92073bec3b858fc919e16e73
  custom:scripting/precompiled-assembly-types:Meta.XR.Audio.Editor: 1eac87452233ea86dd04901a7ceb57e0 -> c02188882d26f40a1917e6d94184aaf4
  custom:framework-win-MediaFoundation: 216162199b28c13a410421893ffa2e32 -> 
  custom:scripting/precompiled-assembly-types:Unity.Timeline.Editor: b4313fba5652ee5a8449f3ec85f31ae4 -> 534d7c71c4dd9147ea00599cede121e1
  custom:scripting/precompiled-assembly-types:Meta.XR.BuildingBlocks.Editor: 69bfac43088fc2ac006732773810bd46 -> a09f0738fd6c81a6db5bb2123aeae89d
  custom:container-muxer-webm: aa71ff27fc2769a1b78a27578f13a17b -> 
  custom:video-decoder-webm-vp8: 9c59270c3fd7afecdb556c50c9e8de78 -> 
  custom:SearchIndexIgnoredProperties: e643bd26f0fe6173181afceb89e7c659 -> 
  custom:AudioImporter_EditorPlatform: d09bf68614088b80899f8185d706f6e7 -> 
  custom:scripting/precompiled-assembly-types:Unity.VisualScripting.Core.Editor: 1ac958119c4ad755d50390246b13522a -> 39597c0f3a76e24d87d64afa59c5f88d
  custom:scripting/precompiled-assembly-types:Unity.InputSystem: 7e4ac2e2a87c4f80cdf0b0a4975e85dc -> 785cafa545bbe73e3ae893412b423588
  custom:scripting/precompiled-assembly-types:Oculus.VR: 6502b0247b46d197562b215adc00fa8c -> 7c8b897337947a27720ebc9478aae940
  custom:scripting/precompiled-assembly-types:Meta.WitAi.Conduit.Editor: 02d324be68c4777f7dcd4423c11d1b60 -> ef9a63f8b87d060d528155e044066a30
  custom:audio-decoder-ogg-vorbis: bf7c407c2cedff20999df2af8eb42d56 -> 
  custom:audio-encoder-webm-vorbis: bf7c407c2cedff20999df2af8eb42d56 -> 
  custom:scripting/precompiled-assembly-types:Meta.XR.ImmersiveDebugger.Editor: 910d623f458ea727ba7150025b07dd4b -> e6c34eecc89e2b6ec09aad3c749c8e7c
  custom:video-decoder-ogg-theora: a1e56fd34408186e4bbccfd4996cb3dc -> 
  custom:CustomObjectIndexerAttribute: 9a22284fe3817be447336de3de66b15e -> 
  custom:container-demuxer-webm: 4f35f7cbe854078d1ac9338744f61a02 -> 
  custom:scripting/precompiled-assembly-types:Unity.XR.OpenXR: 1824cdf5325d3e8dd1885d4f9c5aa8bf -> 10bc3f1864d59f230b0a53c5ec5cc9c8
  custom:scripting/precompiled-assembly-types:UnityEngine.TestRunner: 7a4d96a0696e29157328c6996c3b82c5 -> f5758234275f5346968d00e3b1a1c0e4
  custom:video-encoder-webm-vp8: eb34c28f22e8b96e1ab97ce403110664 -> 
========================================================================
Received Prepare
Caller must complete domain reload
Begin MonoManager ReloadAssembly
Symbol file LoadedFromMemory is not a mono symbol file
- Loaded All Assemblies, in  0.590 seconds
Native extension for UWP target not found
Native extension for WindowsStandalone target not found
Native extension for Android target not found
Native extension for WebGL target not found
[Package Manager] Server::EnsureServerProcessIsRunning -- launch failed, reason: Unity was launched with the -noUpm command-line argument
[Package Manager] UpmClient::Send -- Unable to send message (not connected to UPM process).
[Package Manager] Cannot connect to Unity Package Manager local server
[Package Manager] Server::EnsureServerProcessIsRunning -- launch failed, reason: Unity was launched with the -noUpm command-line argument
[Package Manager] UpmClient::Send -- Unable to send message (not connected to UPM process).
[Package Manager] Cannot connect to Unity Package Manager local server
[Package Manager] Server::EnsureServerProcessIsRunning -- launch failed, reason: Unity was launched with the -noUpm command-line argument
[Package Manager] UpmClient::Send -- Unable to send message (not connected to UPM process).
[Package Manager] Cannot connect to Unity Package Manager local server
Mono: successfully reloaded assembly
[Package Manager] Server::EnsureServerProcessIsRunning -- launch failed, reason: Unity was launched with the -noUpm command-line argument
[Package Manager] UpmClient::Send -- Unable to send message (not connected to UPM process).
[Package Manager] Cannot connect to Unity Package Manager local server
- Finished resetting the current domain, in  1.127 seconds
Domain Reload Profiling: 1713ms
	BeginReloadAssembly (181ms)
		ExecutionOrderSort (0ms)
		DisableScriptedObjects (5ms)
		BackupInstance (0ms)
		ReleaseScriptingObjects (0ms)
		CreateAndSetChildDomain (45ms)
	RebuildCommonClasses (30ms)
	RebuildNativeTypeToScriptingClass (8ms)
	initialDomainReloadingComplete (19ms)
	LoadAllAssembliesAndSetupDomain (349ms)
		LoadAssemblies (370ms)
		RebuildTransferFunctionScriptingTraits (0ms)
		AnalyzeDomain (67ms)
			TypeCache.Refresh (16ms)
				TypeCache.ScanAssembly (0ms)
			ScanForSourceGeneratedMonoScriptInfo (27ms)
			ResolveRequiredComponents (22ms)
	FinalizeReload (1128ms)
		ReleaseScriptCaches (0ms)
		RebuildScriptCaches (0ms)
		SetupLoadedEditorAssemblies (590ms)
			LogAssemblyErrors (0ms)
			InitializePlatformSupportModulesInManaged (14ms)
			SetLoadedEditorAssemblies (4ms)
			RefreshPlugins (0ms)
			BeforeProcessingInitializeOnLoad (105ms)
			ProcessInitializeOnLoadAttributes (419ms)
			ProcessInitializeOnLoadMethodAttributes (43ms)
			AfterProcessingInitializeOnLoad (5ms)
			EditorAssembliesLoaded (0ms)
		ExecutionOrderSort2 (0ms)
		AwakeInstancesAfterBackupRestoration (6ms)
Shader 'Oculus/OVRMRCameraFrameLit': fallback shader 'Alpha-Diffuse' not found
Shader 'Meta/MRUK/Scene/HighlightsAndShadows': fallback shader 'Off' not found
Refreshing native plugins compatible for Editor in 30.82 ms, found 18 plugins.
Preloading 2 native plugins for Editor in 0.42 ms.
Unloading 7150 Unused Serialized files (Serialized files now loaded: 0)
Unloading 117 unused Assets / (498.1 KB). Loaded Objects now: 7741.
Memory consumption went from 231.4 MB to 230.9 MB.
Total: 8.444600 ms (FindLiveObjects: 0.321100 ms CreateObjectMapping: 0.138500 ms MarkObjects: 7.734400 ms  DeleteObjects: 0.250000 ms)

Prepare: number of updated asset objects reloaded= 0
AssetImportParameters requested are different than current active one (requested -> active):
  custom:container-demuxer-ogg: 62fdf1f143b41e24485cea50d1cbac27 -> 
  custom:scripting/precompiled-assembly-types:Unity.PlasticSCM.Editor: 6422b6ca0d4c4c6df738ede20396ac4f -> 61b19ddb92073bec3b858fc919e16e73
  custom:scripting/precompiled-assembly-types:Meta.XR.Audio.Editor: 1eac87452233ea86dd04901a7ceb57e0 -> c02188882d26f40a1917e6d94184aaf4
  custom:framework-win-MediaFoundation: 216162199b28c13a410421893ffa2e32 -> 
  custom:scripting/precompiled-assembly-types:Unity.Timeline.Editor: b4313fba5652ee5a8449f3ec85f31ae4 -> 534d7c71c4dd9147ea00599cede121e1
  custom:scripting/precompiled-assembly-types:Meta.XR.BuildingBlocks.Editor: 69bfac43088fc2ac006732773810bd46 -> a09f0738fd6c81a6db5bb2123aeae89d
  custom:container-muxer-webm: aa71ff27fc2769a1b78a27578f13a17b -> 
  custom:video-decoder-webm-vp8: 9c59270c3fd7afecdb556c50c9e8de78 -> 
  custom:SearchIndexIgnoredProperties: e643bd26f0fe6173181afceb89e7c659 -> 
  custom:AudioImporter_EditorPlatform: d09bf68614088b80899f8185d706f6e7 -> 
  custom:scripting/precompiled-assembly-types:Unity.VisualScripting.Core.Editor: 1ac958119c4ad755d50390246b13522a -> 39597c0f3a76e24d87d64afa59c5f88d
  custom:scripting/precompiled-assembly-types:Unity.InputSystem: 7e4ac2e2a87c4f80cdf0b0a4975e85dc -> 785cafa545bbe73e3ae893412b423588
  custom:scripting/precompiled-assembly-types:Oculus.VR: 6502b0247b46d197562b215adc00fa8c -> 7c8b897337947a27720ebc9478aae940
  custom:scripting/precompiled-assembly-types:Meta.WitAi.Conduit.Editor: 02d324be68c4777f7dcd4423c11d1b60 -> ef9a63f8b87d060d528155e044066a30
  custom:audio-decoder-ogg-vorbis: bf7c407c2cedff20999df2af8eb42d56 -> 
  custom:audio-encoder-webm-vorbis: bf7c407c2cedff20999df2af8eb42d56 -> 
  custom:scripting/precompiled-assembly-types:Meta.XR.ImmersiveDebugger.Editor: 910d623f458ea727ba7150025b07dd4b -> e6c34eecc89e2b6ec09aad3c749c8e7c
  custom:video-decoder-ogg-theora: a1e56fd34408186e4bbccfd4996cb3dc -> 
  custom:CustomObjectIndexerAttribute: 9a22284fe3817be447336de3de66b15e -> 
  custom:container-demuxer-webm: 4f35f7cbe854078d1ac9338744f61a02 -> 
  custom:scripting/precompiled-assembly-types:Unity.XR.OpenXR: 1824cdf5325d3e8dd1885d4f9c5aa8bf -> 10bc3f1864d59f230b0a53c5ec5cc9c8
  custom:scripting/precompiled-assembly-types:UnityEngine.TestRunner: 7a4d96a0696e29157328c6996c3b82c5 -> f5758234275f5346968d00e3b1a1c0e4
  custom:video-encoder-webm-vp8: eb34c28f22e8b96e1ab97ce403110664 -> 
========================================================================
Received Prepare
Caller must complete domain reload
Begin MonoManager ReloadAssembly
Symbol file LoadedFromMemory is not a mono symbol file
- Loaded All Assemblies, in  0.641 seconds
Native extension for UWP target not found
Native extension for WindowsStandalone target not found
Native extension for Android target not found
Native extension for WebGL target not found
[Package Manager] Server::EnsureServerProcessIsRunning -- launch failed, reason: Unity was launched with the -noUpm command-line argument
[Package Manager] UpmClient::Send -- Unable to send message (not connected to UPM process).
[Package Manager] Cannot connect to Unity Package Manager local server
[Package Manager] Server::EnsureServerProcessIsRunning -- launch failed, reason: Unity was launched with the -noUpm command-line argument
[Package Manager] UpmClient::Send -- Unable to send message (not connected to UPM process).
[Package Manager] Cannot connect to Unity Package Manager local server
[Package Manager] Server::EnsureServerProcessIsRunning -- launch failed, reason: Unity was launched with the -noUpm command-line argument
[Package Manager] UpmClient::Send -- Unable to send message (not connected to UPM process).
[Package Manager] Cannot connect to Unity Package Manager local server
Mono: successfully reloaded assembly
[Package Manager] Server::EnsureServerProcessIsRunning -- launch failed, reason: Unity was launched with the -noUpm command-line argument
[Package Manager] UpmClient::Send -- Unable to send message (not connected to UPM process).
[Package Manager] Cannot connect to Unity Package Manager local server
- Finished resetting the current domain, in  1.400 seconds
Domain Reload Profiling: 2036ms
	BeginReloadAssembly (190ms)
		ExecutionOrderSort (0ms)
		DisableScriptedObjects (3ms)
		BackupInstance (0ms)
		ReleaseScriptingObjects (0ms)
		CreateAndSetChildDomain (64ms)
	RebuildCommonClasses (28ms)
	RebuildNativeTypeToScriptingClass (9ms)
	initialDomainReloadingComplete (25ms)
	LoadAllAssembliesAndSetupDomain (383ms)
		LoadAssemblies (422ms)
		RebuildTransferFunctionScriptingTraits (0ms)
		AnalyzeDomain (36ms)
			TypeCache.Refresh (8ms)
				TypeCache.ScanAssembly (0ms)
			ScanForSourceGeneratedMonoScriptInfo (0ms)
			ResolveRequiredComponents (26ms)
	FinalizeReload (1401ms)
		ReleaseScriptCaches (0ms)
		RebuildScriptCaches (0ms)
		SetupLoadedEditorAssemblies (844ms)
			LogAssemblyErrors (0ms)
			InitializePlatformSupportModulesInManaged (17ms)
			SetLoadedEditorAssemblies (4ms)
			RefreshPlugins (0ms)
			BeforeProcessingInitializeOnLoad (111ms)
			ProcessInitializeOnLoadAttributes (627ms)
			ProcessInitializeOnLoadMethodAttributes (71ms)
			AfterProcessingInitializeOnLoad (14ms)
			EditorAssembliesLoaded (1ms)
		ExecutionOrderSort2 (0ms)
		AwakeInstancesAfterBackupRestoration (14ms)
Shader 'Oculus/OVRMRCameraFrameLit': fallback shader 'Alpha-Diffuse' not found
Shader 'Meta/MRUK/Scene/HighlightsAndShadows': fallback shader 'Off' not found
Refreshing native plugins compatible for Editor in 43.07 ms, found 18 plugins.
Preloading 2 native plugins for Editor in 0.60 ms.
Unloading 7150 Unused Serialized files (Serialized files now loaded: 0)
Unloading 117 unused Assets / (497.9 KB). Loaded Objects now: 7745.
Memory consumption went from 231.5 MB to 231.0 MB.
Total: 10.886400 ms (FindLiveObjects: 0.676800 ms CreateObjectMapping: 0.248700 ms MarkObjects: 9.541400 ms  DeleteObjects: 0.418200 ms)

Prepare: number of updated asset objects reloaded= 0
AssetImportParameters requested are different than current active one (requested -> active):
  custom:container-demuxer-ogg: 62fdf1f143b41e24485cea50d1cbac27 -> 
  custom:scripting/precompiled-assembly-types:Unity.PlasticSCM.Editor: 6422b6ca0d4c4c6df738ede20396ac4f -> 61b19ddb92073bec3b858fc919e16e73
  custom:scripting/precompiled-assembly-types:Meta.XR.Audio.Editor: 1eac87452233ea86dd04901a7ceb57e0 -> c02188882d26f40a1917e6d94184aaf4
  custom:framework-win-MediaFoundation: 216162199b28c13a410421893ffa2e32 -> 
  custom:scripting/precompiled-assembly-types:Unity.Timeline.Editor: b4313fba5652ee5a8449f3ec85f31ae4 -> 534d7c71c4dd9147ea00599cede121e1
  custom:scripting/precompiled-assembly-types:Meta.XR.BuildingBlocks.Editor: 69bfac43088fc2ac006732773810bd46 -> a09f0738fd6c81a6db5bb2123aeae89d
  custom:container-muxer-webm: aa71ff27fc2769a1b78a27578f13a17b -> 
  custom:video-decoder-webm-vp8: 9c59270c3fd7afecdb556c50c9e8de78 -> 
  custom:SearchIndexIgnoredProperties: e643bd26f0fe6173181afceb89e7c659 -> 
  custom:AudioImporter_EditorPlatform: d09bf68614088b80899f8185d706f6e7 -> 
  custom:scripting/precompiled-assembly-types:Unity.VisualScripting.Core.Editor: 1ac958119c4ad755d50390246b13522a -> 39597c0f3a76e24d87d64afa59c5f88d
  custom:scripting/precompiled-assembly-types:Unity.InputSystem: 7e4ac2e2a87c4f80cdf0b0a4975e85dc -> 785cafa545bbe73e3ae893412b423588
  custom:scripting/precompiled-assembly-types:Oculus.VR: 6502b0247b46d197562b215adc00fa8c -> 7c8b897337947a27720ebc9478aae940
  custom:scripting/precompiled-assembly-types:Meta.WitAi.Conduit.Editor: 02d324be68c4777f7dcd4423c11d1b60 -> ef9a63f8b87d060d528155e044066a30
  custom:audio-decoder-ogg-vorbis: bf7c407c2cedff20999df2af8eb42d56 -> 
  custom:audio-encoder-webm-vorbis: bf7c407c2cedff20999df2af8eb42d56 -> 
  custom:scripting/precompiled-assembly-types:Meta.XR.ImmersiveDebugger.Editor: 910d623f458ea727ba7150025b07dd4b -> e6c34eecc89e2b6ec09aad3c749c8e7c
  custom:video-decoder-ogg-theora: a1e56fd34408186e4bbccfd4996cb3dc -> 
  custom:CustomObjectIndexerAttribute: 9a22284fe3817be447336de3de66b15e -> 
  custom:container-demuxer-webm: 4f35f7cbe854078d1ac9338744f61a02 -> 
  custom:scripting/precompiled-assembly-types:Unity.XR.OpenXR: 1824cdf5325d3e8dd1885d4f9c5aa8bf -> 10bc3f1864d59f230b0a53c5ec5cc9c8
  custom:scripting/precompiled-assembly-types:UnityEngine.TestRunner: 7a4d96a0696e29157328c6996c3b82c5 -> f5758234275f5346968d00e3b1a1c0e4
  custom:video-encoder-webm-vp8: eb34c28f22e8b96e1ab97ce403110664 -> 
========================================================================
Received Prepare
Caller must complete domain reload
Begin MonoManager ReloadAssembly
Symbol file LoadedFromMemory is not a mono symbol file
- Loaded All Assemblies, in  0.580 seconds
Native extension for UWP target not found
Native extension for WindowsStandalone target not found
Native extension for Android target not found
Native extension for WebGL target not found
[Package Manager] Server::EnsureServerProcessIsRunning -- launch failed, reason: Unity was launched with the -noUpm command-line argument
[Package Manager] UpmClient::Send -- Unable to send message (not connected to UPM process).
[Package Manager] Cannot connect to Unity Package Manager local server
[Package Manager] Server::EnsureServerProcessIsRunning -- launch failed, reason: Unity was launched with the -noUpm command-line argument
[Package Manager] UpmClient::Send -- Unable to send message (not connected to UPM process).
[Package Manager] Cannot connect to Unity Package Manager local server
[Package Manager] Server::EnsureServerProcessIsRunning -- launch failed, reason: Unity was launched with the -noUpm command-line argument
[Package Manager] UpmClient::Send -- Unable to send message (not connected to UPM process).
[Package Manager] Cannot connect to Unity Package Manager local server
Mono: successfully reloaded assembly
[Package Manager] Server::EnsureServerProcessIsRunning -- launch failed, reason: Unity was launched with the -noUpm command-line argument
[Package Manager] UpmClient::Send -- Unable to send message (not connected to UPM process).
[Package Manager] Cannot connect to Unity Package Manager local server
- Finished resetting the current domain, in  1.316 seconds
Domain Reload Profiling: 1890ms
	BeginReloadAssembly (178ms)
		ExecutionOrderSort (0ms)
		DisableScriptedObjects (4ms)
		BackupInstance (0ms)
		ReleaseScriptingObjects (0ms)
		CreateAndSetChildDomain (44ms)
	RebuildCommonClasses (34ms)
	RebuildNativeTypeToScriptingClass (13ms)
	initialDomainReloadingComplete (32ms)
	LoadAllAssembliesAndSetupDomain (317ms)
		LoadAssemblies (357ms)
		RebuildTransferFunctionScriptingTraits (0ms)
		AnalyzeDomain (51ms)
			TypeCache.Refresh (16ms)
				TypeCache.ScanAssembly (0ms)
			ScanForSourceGeneratedMonoScriptInfo (19ms)
			ResolveRequiredComponents (14ms)
	FinalizeReload (1317ms)
		ReleaseScriptCaches (0ms)
		RebuildScriptCaches (0ms)
		SetupLoadedEditorAssemblies (659ms)
			LogAssemblyErrors (0ms)
			InitializePlatformSupportModulesInManaged (17ms)
			SetLoadedEditorAssemblies (5ms)
			RefreshPlugins (0ms)
			BeforeProcessingInitializeOnLoad (86ms)
			ProcessInitializeOnLoadAttributes (493ms)
			ProcessInitializeOnLoadMethodAttributes (50ms)
			AfterProcessingInitializeOnLoad (8ms)
			EditorAssembliesLoaded (0ms)
		ExecutionOrderSort2 (0ms)
		AwakeInstancesAfterBackupRestoration (10ms)
Shader 'Oculus/OVRMRCameraFrameLit': fallback shader 'Alpha-Diffuse' not found
Shader 'Meta/MRUK/Scene/HighlightsAndShadows': fallback shader 'Off' not found
Refreshing native plugins compatible for Editor in 23.54 ms, found 18 plugins.
Preloading 2 native plugins for Editor in 0.42 ms.
Unloading 7150 Unused Serialized files (Serialized files now loaded: 0)
Unloading 117 unused Assets / (489.8 KB). Loaded Objects now: 7749.
Memory consumption went from 231.5 MB to 231.0 MB.
Total: 6.626300 ms (FindLiveObjects: 0.380100 ms CreateObjectMapping: 0.091300 ms MarkObjects: 5.908400 ms  DeleteObjects: 0.245700 ms)

Prepare: number of updated asset objects reloaded= 0
AssetImportParameters requested are different than current active one (requested -> active):
  custom:container-demuxer-ogg: 62fdf1f143b41e24485cea50d1cbac27 -> 
  custom:scripting/precompiled-assembly-types:Unity.PlasticSCM.Editor: 6422b6ca0d4c4c6df738ede20396ac4f -> 61b19ddb92073bec3b858fc919e16e73
  custom:scripting/precompiled-assembly-types:Meta.XR.Audio.Editor: 1eac87452233ea86dd04901a7ceb57e0 -> c02188882d26f40a1917e6d94184aaf4
  custom:framework-win-MediaFoundation: 216162199b28c13a410421893ffa2e32 -> 
  custom:scripting/precompiled-assembly-types:Unity.Timeline.Editor: b4313fba5652ee5a8449f3ec85f31ae4 -> 534d7c71c4dd9147ea00599cede121e1
  custom:scripting/precompiled-assembly-types:Meta.XR.BuildingBlocks.Editor: 69bfac43088fc2ac006732773810bd46 -> a09f0738fd6c81a6db5bb2123aeae89d
  custom:container-muxer-webm: aa71ff27fc2769a1b78a27578f13a17b -> 
  custom:video-decoder-webm-vp8: 9c59270c3fd7afecdb556c50c9e8de78 -> 
  custom:SearchIndexIgnoredProperties: e643bd26f0fe6173181afceb89e7c659 -> 
  custom:AudioImporter_EditorPlatform: d09bf68614088b80899f8185d706f6e7 -> 
  custom:scripting/precompiled-assembly-types:Unity.VisualScripting.Core.Editor: 1ac958119c4ad755d50390246b13522a -> 39597c0f3a76e24d87d64afa59c5f88d
  custom:scripting/precompiled-assembly-types:Unity.InputSystem: 7e4ac2e2a87c4f80cdf0b0a4975e85dc -> 785cafa545bbe73e3ae893412b423588
  custom:scripting/precompiled-assembly-types:Oculus.VR: 6502b0247b46d197562b215adc00fa8c -> 7c8b897337947a27720ebc9478aae940
  custom:scripting/precompiled-assembly-types:Meta.WitAi.Conduit.Editor: 02d324be68c4777f7dcd4423c11d1b60 -> ef9a63f8b87d060d528155e044066a30
  custom:audio-decoder-ogg-vorbis: bf7c407c2cedff20999df2af8eb42d56 -> 
  custom:audio-encoder-webm-vorbis: bf7c407c2cedff20999df2af8eb42d56 -> 
  custom:scripting/precompiled-assembly-types:Meta.XR.ImmersiveDebugger.Editor: 910d623f458ea727ba7150025b07dd4b -> e6c34eecc89e2b6ec09aad3c749c8e7c
  custom:video-decoder-ogg-theora: a1e56fd34408186e4bbccfd4996cb3dc -> 
  custom:CustomObjectIndexerAttribute: 9a22284fe3817be447336de3de66b15e -> 
  custom:container-demuxer-webm: 4f35f7cbe854078d1ac9338744f61a02 -> 
  custom:scripting/precompiled-assembly-types:Unity.XR.OpenXR: 1824cdf5325d3e8dd1885d4f9c5aa8bf -> 10bc3f1864d59f230b0a53c5ec5cc9c8
  custom:scripting/precompiled-assembly-types:UnityEngine.TestRunner: 7a4d96a0696e29157328c6996c3b82c5 -> f5758234275f5346968d00e3b1a1c0e4
  custom:video-encoder-webm-vp8: eb34c28f22e8b96e1ab97ce403110664 -> 
========================================================================
Received Prepare
Caller must complete domain reload
Begin MonoManager ReloadAssembly
Symbol file LoadedFromMemory is not a mono symbol file
- Loaded All Assemblies, in  0.661 seconds
Native extension for UWP target not found
Native extension for WindowsStandalone target not found
Native extension for Android target not found
Native extension for WebGL target not found
[Package Manager] Server::EnsureServerProcessIsRunning -- launch failed, reason: Unity was launched with the -noUpm command-line argument
[Package Manager] UpmClient::Send -- Unable to send message (not connected to UPM process).
[Package Manager] Cannot connect to Unity Package Manager local server
[Package Manager] Server::EnsureServerProcessIsRunning -- launch failed, reason: Unity was launched with the -noUpm command-line argument
[Package Manager] UpmClient::Send -- Unable to send message (not connected to UPM process).
[Package Manager] Cannot connect to Unity Package Manager local server
[Package Manager] Server::EnsureServerProcessIsRunning -- launch failed, reason: Unity was launched with the -noUpm command-line argument
[Package Manager] UpmClient::Send -- Unable to send message (not connected to UPM process).
[Package Manager] Cannot connect to Unity Package Manager local server
Mono: successfully reloaded assembly
[Package Manager] Server::EnsureServerProcessIsRunning -- launch failed, reason: Unity was launched with the -noUpm command-line argument
[Package Manager] UpmClient::Send -- Unable to send message (not connected to UPM process).
[Package Manager] Cannot connect to Unity Package Manager local server
- Finished resetting the current domain, in  1.200 seconds
Domain Reload Profiling: 1854ms
	BeginReloadAssembly (227ms)
		ExecutionOrderSort (0ms)
		DisableScriptedObjects (6ms)
		BackupInstance (0ms)
		ReleaseScriptingObjects (0ms)
		CreateAndSetChildDomain (59ms)
	RebuildCommonClasses (37ms)
	RebuildNativeTypeToScriptingClass (15ms)
	initialDomainReloadingComplete (35ms)
	LoadAllAssembliesAndSetupDomain (341ms)
		LoadAssemblies (391ms)
		RebuildTransferFunctionScriptingTraits (0ms)
		AnalyzeDomain (60ms)
			TypeCache.Refresh (12ms)
				TypeCache.ScanAssembly (0ms)
			ScanForSourceGeneratedMonoScriptInfo (23ms)
			ResolveRequiredComponents (23ms)
	FinalizeReload (1200ms)
		ReleaseScriptCaches (0ms)
		RebuildScriptCaches (0ms)
		SetupLoadedEditorAssemblies (685ms)
			LogAssemblyErrors (0ms)
			InitializePlatformSupportModulesInManaged (20ms)
			SetLoadedEditorAssemblies (7ms)
			RefreshPlugins (0ms)
			BeforeProcessingInitializeOnLoad (136ms)
			ProcessInitializeOnLoadAttributes (462ms)
			ProcessInitializeOnLoadMethodAttributes (55ms)
			AfterProcessingInitializeOnLoad (5ms)
			EditorAssembliesLoaded (0ms)
		ExecutionOrderSort2 (0ms)
		AwakeInstancesAfterBackupRestoration (7ms)
Shader 'Oculus/OVRMRCameraFrameLit': fallback shader 'Alpha-Diffuse' not found
Shader 'Meta/MRUK/Scene/HighlightsAndShadows': fallback shader 'Off' not found
Refreshing native plugins compatible for Editor in 23.42 ms, found 18 plugins.
Preloading 2 native plugins for Editor in 0.42 ms.
Unloading 7150 Unused Serialized files (Serialized files now loaded: 0)
Unloading 117 unused Assets / (498.0 KB). Loaded Objects now: 7753.
Memory consumption went from 231.5 MB to 231.0 MB.
Total: 7.128600 ms (FindLiveObjects: 0.301800 ms CreateObjectMapping: 0.092600 ms MarkObjects: 6.487500 ms  DeleteObjects: 0.246000 ms)

Prepare: number of updated asset objects reloaded= 0
AssetImportParameters requested are different than current active one (requested -> active):
  custom:container-demuxer-ogg: 62fdf1f143b41e24485cea50d1cbac27 -> 
  custom:scripting/precompiled-assembly-types:Unity.PlasticSCM.Editor: 6422b6ca0d4c4c6df738ede20396ac4f -> 61b19ddb92073bec3b858fc919e16e73
  custom:scripting/precompiled-assembly-types:Meta.XR.Audio.Editor: 1eac87452233ea86dd04901a7ceb57e0 -> c02188882d26f40a1917e6d94184aaf4
  custom:framework-win-MediaFoundation: 216162199b28c13a410421893ffa2e32 -> 
  custom:scripting/precompiled-assembly-types:Unity.Timeline.Editor: b4313fba5652ee5a8449f3ec85f31ae4 -> 534d7c71c4dd9147ea00599cede121e1
  custom:scripting/precompiled-assembly-types:Meta.XR.BuildingBlocks.Editor: 69bfac43088fc2ac006732773810bd46 -> a09f0738fd6c81a6db5bb2123aeae89d
  custom:container-muxer-webm: aa71ff27fc2769a1b78a27578f13a17b -> 
  custom:video-decoder-webm-vp8: 9c59270c3fd7afecdb556c50c9e8de78 -> 
  custom:SearchIndexIgnoredProperties: e643bd26f0fe6173181afceb89e7c659 -> 
  custom:AudioImporter_EditorPlatform: d09bf68614088b80899f8185d706f6e7 -> 
  custom:scripting/precompiled-assembly-types:Unity.VisualScripting.Core.Editor: 1ac958119c4ad755d50390246b13522a -> 39597c0f3a76e24d87d64afa59c5f88d
  custom:scripting/precompiled-assembly-types:Unity.InputSystem: 7e4ac2e2a87c4f80cdf0b0a4975e85dc -> 785cafa545bbe73e3ae893412b423588
  custom:scripting/precompiled-assembly-types:Oculus.VR: 6502b0247b46d197562b215adc00fa8c -> 7c8b897337947a27720ebc9478aae940
  custom:scripting/precompiled-assembly-types:Meta.WitAi.Conduit.Editor: 02d324be68c4777f7dcd4423c11d1b60 -> ef9a63f8b87d060d528155e044066a30
  custom:audio-decoder-ogg-vorbis: bf7c407c2cedff20999df2af8eb42d56 -> 
  custom:audio-encoder-webm-vorbis: bf7c407c2cedff20999df2af8eb42d56 -> 
  custom:scripting/precompiled-assembly-types:Assembly-CSharp: 13c0ad303ddfcc75e4f4e204ae2e075f -> f519a94d776700ab39c48ba2ff3bd269
  custom:scripting/precompiled-assembly-types:Meta.XR.ImmersiveDebugger.Editor: 910d623f458ea727ba7150025b07dd4b -> e6c34eecc89e2b6ec09aad3c749c8e7c
  custom:video-decoder-ogg-theora: a1e56fd34408186e4bbccfd4996cb3dc -> 
  custom:CustomObjectIndexerAttribute: 9a22284fe3817be447336de3de66b15e -> 
  custom:container-demuxer-webm: 4f35f7cbe854078d1ac9338744f61a02 -> 
  custom:scripting/precompiled-assembly-types:Unity.XR.OpenXR: 1824cdf5325d3e8dd1885d4f9c5aa8bf -> 10bc3f1864d59f230b0a53c5ec5cc9c8
  custom:scripting/precompiled-assembly-types:UnityEngine.TestRunner: 7a4d96a0696e29157328c6996c3b82c5 -> f5758234275f5346968d00e3b1a1c0e4
  custom:video-encoder-webm-vp8: eb34c28f22e8b96e1ab97ce403110664 -> 
========================================================================
Received Prepare
Caller must complete domain reload
Begin MonoManager ReloadAssembly
Symbol file LoadedFromMemory is not a mono symbol file
- Loaded All Assemblies, in  0.696 seconds
Native extension for UWP target not found
Native extension for WindowsStandalone target not found
Native extension for Android target not found
Native extension for WebGL target not found
[Package Manager] Server::EnsureServerProcessIsRunning -- launch failed, reason: Unity was launched with the -noUpm command-line argument
[Package Manager] UpmClient::Send -- Unable to send message (not connected to UPM process).
[Package Manager] Cannot connect to Unity Package Manager local server
[Package Manager] Server::EnsureServerProcessIsRunning -- launch failed, reason: Unity was launched with the -noUpm command-line argument
[Package Manager] UpmClient::Send -- Unable to send message (not connected to UPM process).
[Package Manager] Cannot connect to Unity Package Manager local server
[Package Manager] Server::EnsureServerProcessIsRunning -- launch failed, reason: Unity was launched with the -noUpm command-line argument
[Package Manager] UpmClient::Send -- Unable to send message (not connected to UPM process).
[Package Manager] Cannot connect to Unity Package Manager local server
Mono: successfully reloaded assembly
[Package Manager] Server::EnsureServerProcessIsRunning -- launch failed, reason: Unity was launched with the -noUpm command-line argument
[Package Manager] UpmClient::Send -- Unable to send message (not connected to UPM process).
[Package Manager] Cannot connect to Unity Package Manager local server
- Finished resetting the current domain, in  1.506 seconds
Domain Reload Profiling: 2195ms
	BeginReloadAssembly (212ms)
		ExecutionOrderSort (0ms)
		DisableScriptedObjects (5ms)
		BackupInstance (0ms)
		ReleaseScriptingObjects (0ms)
		CreateAndSetChildDomain (62ms)
	RebuildCommonClasses (35ms)
	RebuildNativeTypeToScriptingClass (14ms)
	initialDomainReloadingComplete (33ms)
	LoadAllAssembliesAndSetupDomain (393ms)
		LoadAssemblies (451ms)
		RebuildTransferFunctionScriptingTraits (0ms)
		AnalyzeDomain (38ms)
			TypeCache.Refresh (10ms)
				TypeCache.ScanAssembly (0ms)
			ScanForSourceGeneratedMonoScriptInfo (0ms)
			ResolveRequiredComponents (26ms)
	FinalizeReload (1507ms)
		ReleaseScriptCaches (0ms)
		RebuildScriptCaches (0ms)
		SetupLoadedEditorAssemblies (879ms)
			LogAssemblyErrors (0ms)
			InitializePlatformSupportModulesInManaged (25ms)
			SetLoadedEditorAssemblies (6ms)
			RefreshPlugins (0ms)
			BeforeProcessingInitializeOnLoad (122ms)
			ProcessInitializeOnLoadAttributes (644ms)
			ProcessInitializeOnLoadMethodAttributes (71ms)
			AfterProcessingInitializeOnLoad (10ms)
			EditorAssembliesLoaded (1ms)
		ExecutionOrderSort2 (0ms)
		AwakeInstancesAfterBackupRestoration (13ms)
Shader 'Oculus/OVRMRCameraFrameLit': fallback shader 'Alpha-Diffuse' not found
Shader 'Meta/MRUK/Scene/HighlightsAndShadows': fallback shader 'Off' not found
Refreshing native plugins compatible for Editor in 39.17 ms, found 18 plugins.
Preloading 2 native plugins for Editor in 0.59 ms.
Unloading 7150 Unused Serialized files (Serialized files now loaded: 0)
Unloading 117 unused Assets / (490.0 KB). Loaded Objects now: 7757.
Memory consumption went from 231.5 MB to 231.1 MB.
Total: 10.406700 ms (FindLiveObjects: 0.604400 ms CreateObjectMapping: 0.204300 ms MarkObjects: 9.228900 ms  DeleteObjects: 0.368000 ms)

Prepare: number of updated asset objects reloaded= 0
AssetImportParameters requested are different than current active one (requested -> active):
  custom:container-demuxer-ogg: 62fdf1f143b41e24485cea50d1cbac27 -> 
  custom:scripting/precompiled-assembly-types:Unity.PlasticSCM.Editor: 6422b6ca0d4c4c6df738ede20396ac4f -> 61b19ddb92073bec3b858fc919e16e73
  custom:scripting/precompiled-assembly-types:Meta.XR.Audio.Editor: 1eac87452233ea86dd04901a7ceb57e0 -> c02188882d26f40a1917e6d94184aaf4
  custom:framework-win-MediaFoundation: 216162199b28c13a410421893ffa2e32 -> 
  custom:scripting/precompiled-assembly-types:Unity.Timeline.Editor: b4313fba5652ee5a8449f3ec85f31ae4 -> 534d7c71c4dd9147ea00599cede121e1
  custom:scripting/precompiled-assembly-types:Meta.XR.BuildingBlocks.Editor: 69bfac43088fc2ac006732773810bd46 -> a09f0738fd6c81a6db5bb2123aeae89d
  custom:container-muxer-webm: aa71ff27fc2769a1b78a27578f13a17b -> 
  custom:video-decoder-webm-vp8: 9c59270c3fd7afecdb556c50c9e8de78 -> 
  custom:SearchIndexIgnoredProperties: e643bd26f0fe6173181afceb89e7c659 -> 
  custom:AudioImporter_EditorPlatform: d09bf68614088b80899f8185d706f6e7 -> 
  custom:scripting/precompiled-assembly-types:Unity.VisualScripting.Core.Editor: 1ac958119c4ad755d50390246b13522a -> 39597c0f3a76e24d87d64afa59c5f88d
  custom:scripting/precompiled-assembly-types:Unity.InputSystem: 7e4ac2e2a87c4f80cdf0b0a4975e85dc -> 785cafa545bbe73e3ae893412b423588
  custom:scripting/precompiled-assembly-types:Oculus.VR: 6502b0247b46d197562b215adc00fa8c -> 7c8b897337947a27720ebc9478aae940
  custom:scripting/precompiled-assembly-types:Meta.WitAi.Conduit.Editor: 02d324be68c4777f7dcd4423c11d1b60 -> ef9a63f8b87d060d528155e044066a30
  custom:audio-decoder-ogg-vorbis: bf7c407c2cedff20999df2af8eb42d56 -> 
  custom:audio-encoder-webm-vorbis: bf7c407c2cedff20999df2af8eb42d56 -> 
  custom:scripting/precompiled-assembly-types:Assembly-CSharp: 13c0ad303ddfcc75e4f4e204ae2e075f -> f519a94d776700ab39c48ba2ff3bd269
  custom:scripting/precompiled-assembly-types:Meta.XR.ImmersiveDebugger.Editor: 910d623f458ea727ba7150025b07dd4b -> e6c34eecc89e2b6ec09aad3c749c8e7c
  custom:video-decoder-ogg-theora: a1e56fd34408186e4bbccfd4996cb3dc -> 
  custom:CustomObjectIndexerAttribute: 9a22284fe3817be447336de3de66b15e -> 
  custom:container-demuxer-webm: 4f35f7cbe854078d1ac9338744f61a02 -> 
  custom:scripting/precompiled-assembly-types:Unity.XR.OpenXR: 1824cdf5325d3e8dd1885d4f9c5aa8bf -> 10bc3f1864d59f230b0a53c5ec5cc9c8
  custom:scripting/precompiled-assembly-types:UnityEngine.TestRunner: 7a4d96a0696e29157328c6996c3b82c5 -> f5758234275f5346968d00e3b1a1c0e4
  custom:video-encoder-webm-vp8: eb34c28f22e8b96e1ab97ce403110664 -> 
========================================================================
Received Import Request.
  Time since last request: 2176.824425 seconds.
  path: Assets/Scripts/HandRotationFixHandTracking.cs
  artifactKey: Guid(de43f026b1072d8418353506985aa38b) Importer(815301076,1909f56bfc062723c751e8b465ee728b)
Start importing Assets/Scripts/HandRotationFixHandTracking.cs using Guid(de43f026b1072d8418353506985aa38b) Importer(815301076,1909f56bfc062723c751e8b465ee728b) [PhysX] Initialized MultithreadedTaskDispatcher with 32 workers.
 -> (artifact id: '6734f2bed9660fbbaed14b4e0f85177f') in 0.002398 seconds
Number of updated asset objects reloaded before import = 0
Number of asset objects unloaded after import = 0
========================================================================
Received Prepare
Caller must complete domain reload
Begin MonoManager ReloadAssembly
Symbol file LoadedFromMemory is not a mono symbol file
- Loaded All Assemblies, in  0.646 seconds
Native extension for UWP target not found
Native extension for WindowsStandalone target not found
Native extension for Android target not found
Native extension for WebGL target not found
[Package Manager] Server::EnsureServerProcessIsRunning -- launch failed, reason: Unity was launched with the -noUpm command-line argument
[Package Manager] UpmClient::Send -- Unable to send message (not connected to UPM process).
[Package Manager] Cannot connect to Unity Package Manager local server
[Package Manager] Server::EnsureServerProcessIsRunning -- launch failed, reason: Unity was launched with the -noUpm command-line argument
[Package Manager] UpmClient::Send -- Unable to send message (not connected to UPM process).
[Package Manager] Cannot connect to Unity Package Manager local server
[Package Manager] Server::EnsureServerProcessIsRunning -- launch failed, reason: Unity was launched with the -noUpm command-line argument
[Package Manager] UpmClient::Send -- Unable to send message (not connected to UPM process).
[Package Manager] Cannot connect to Unity Package Manager local server
Mono: successfully reloaded assembly
[Package Manager] Server::EnsureServerProcessIsRunning -- launch failed, reason: Unity was launched with the -noUpm command-line argument
[Package Manager] UpmClient::Send -- Unable to send message (not connected to UPM process).
[Package Manager] Cannot connect to Unity Package Manager local server
- Finished resetting the current domain, in  1.489 seconds
Domain Reload Profiling: 2131ms
	BeginReloadAssembly (181ms)
		ExecutionOrderSort (0ms)
		DisableScriptedObjects (2ms)
		BackupInstance (0ms)
		ReleaseScriptingObjects (0ms)
		CreateAndSetChildDomain (46ms)
	RebuildCommonClasses (25ms)
	RebuildNativeTypeToScriptingClass (7ms)
	initialDomainReloadingComplete (22ms)
	LoadAllAssembliesAndSetupDomain (406ms)
		LoadAssemblies (429ms)
		RebuildTransferFunctionScriptingTraits (0ms)
		AnalyzeDomain (66ms)
			TypeCache.Refresh (20ms)
				TypeCache.ScanAssembly (0ms)
			ScanForSourceGeneratedMonoScriptInfo (28ms)
			ResolveRequiredComponents (16ms)
	FinalizeReload (1489ms)
		ReleaseScriptCaches (0ms)
		RebuildScriptCaches (0ms)
		SetupLoadedEditorAssemblies (652ms)
			LogAssemblyErrors (0ms)
			InitializePlatformSupportModulesInManaged (14ms)
			SetLoadedEditorAssemblies (3ms)
			RefreshPlugins (0ms)
			BeforeProcessingInitializeOnLoad (72ms)
			ProcessInitializeOnLoadAttributes (516ms)
			ProcessInitializeOnLoadMethodAttributes (41ms)
			AfterProcessingInitializeOnLoad (5ms)
			EditorAssembliesLoaded (0ms)
		ExecutionOrderSort2 (0ms)
		AwakeInstancesAfterBackupRestoration (6ms)
Shader 'Oculus/OVRMRCameraFrameLit': fallback shader 'Alpha-Diffuse' not found
Shader 'Meta/MRUK/Scene/HighlightsAndShadows': fallback shader 'Off' not found
Refreshing native plugins compatible for Editor in 29.59 ms, found 18 plugins.
Preloading 2 native plugins for Editor in 0.50 ms.
Unloading 7150 Unused Serialized files (Serialized files now loaded: 0)
Unloading 117 unused Assets / (497.9 KB). Loaded Objects now: 7762.
Memory consumption went from 231.2 MB to 230.7 MB.
Total: 8.746400 ms (FindLiveObjects: 0.354400 ms CreateObjectMapping: 0.156700 ms MarkObjects: 7.976300 ms  DeleteObjects: 0.258400 ms)

Prepare: number of updated asset objects reloaded= 0
AssetImportParameters requested are different than current active one (requested -> active):
  custom:container-demuxer-ogg: 62fdf1f143b41e24485cea50d1cbac27 -> 
  custom:scripting/precompiled-assembly-types:Unity.PlasticSCM.Editor: 6422b6ca0d4c4c6df738ede20396ac4f -> 61b19ddb92073bec3b858fc919e16e73
  custom:scripting/precompiled-assembly-types:Meta.XR.Audio.Editor: 1eac87452233ea86dd04901a7ceb57e0 -> c02188882d26f40a1917e6d94184aaf4
  custom:framework-win-MediaFoundation: 216162199b28c13a410421893ffa2e32 -> 
  custom:scripting/precompiled-assembly-types:Unity.Timeline.Editor: b4313fba5652ee5a8449f3ec85f31ae4 -> 534d7c71c4dd9147ea00599cede121e1
  custom:scripting/monoscript/fileName/HandRotationFixHandTracking.cs: 584554e38eeaf33baef55683427c44a8 -> 
  custom:scripting/precompiled-assembly-types:Meta.XR.BuildingBlocks.Editor: 69bfac43088fc2ac006732773810bd46 -> a09f0738fd6c81a6db5bb2123aeae89d
  custom:container-muxer-webm: aa71ff27fc2769a1b78a27578f13a17b -> 
  custom:video-decoder-webm-vp8: 9c59270c3fd7afecdb556c50c9e8de78 -> 
  custom:SearchIndexIgnoredProperties: e643bd26f0fe6173181afceb89e7c659 -> 
  custom:AudioImporter_EditorPlatform: d09bf68614088b80899f8185d706f6e7 -> 
  custom:scripting/precompiled-assembly-types:Unity.VisualScripting.Core.Editor: 1ac958119c4ad755d50390246b13522a -> 39597c0f3a76e24d87d64afa59c5f88d
  custom:scripting/precompiled-assembly-types:Unity.InputSystem: 7e4ac2e2a87c4f80cdf0b0a4975e85dc -> 785cafa545bbe73e3ae893412b423588
  custom:scripting/precompiled-assembly-types:Oculus.VR: 6502b0247b46d197562b215adc00fa8c -> 7c8b897337947a27720ebc9478aae940
  custom:scripting/precompiled-assembly-types:Meta.WitAi.Conduit.Editor: 02d324be68c4777f7dcd4423c11d1b60 -> ef9a63f8b87d060d528155e044066a30
  custom:audio-decoder-ogg-vorbis: bf7c407c2cedff20999df2af8eb42d56 -> 
  custom:audio-encoder-webm-vorbis: bf7c407c2cedff20999df2af8eb42d56 -> 
  custom:scripting/precompiled-assembly-types:Assembly-CSharp: 8d376db23d86c2ec933b75908a24b357 -> f519a94d776700ab39c48ba2ff3bd269
  custom:scripting/precompiled-assembly-types:Meta.XR.ImmersiveDebugger.Editor: 910d623f458ea727ba7150025b07dd4b -> e6c34eecc89e2b6ec09aad3c749c8e7c
  custom:video-decoder-ogg-theora: a1e56fd34408186e4bbccfd4996cb3dc -> 
  custom:CustomObjectIndexerAttribute: 9a22284fe3817be447336de3de66b15e -> 
  custom:container-demuxer-webm: 4f35f7cbe854078d1ac9338744f61a02 -> 
  custom:scripting/precompiled-assembly-types:Unity.XR.OpenXR: 1824cdf5325d3e8dd1885d4f9c5aa8bf -> 10bc3f1864d59f230b0a53c5ec5cc9c8
  custom:scripting/precompiled-assembly-types:UnityEngine.TestRunner: 7a4d96a0696e29157328c6996c3b82c5 -> f5758234275f5346968d00e3b1a1c0e4
  custom:video-encoder-webm-vp8: eb34c28f22e8b96e1ab97ce403110664 -> 
========================================================================
Received Import Request.
  Time since last request: 28.275927 seconds.
  path: Assets/Scripts/HandRotationFixHandTracking.cs
  artifactKey: Guid(de43f026b1072d8418353506985aa38b) Importer(815301076,1909f56bfc062723c751e8b465ee728b)
Start importing Assets/Scripts/HandRotationFixHandTracking.cs using Guid(de43f026b1072d8418353506985aa38b) Importer(815301076,1909f56bfc062723c751e8b465ee728b) [PhysX] Initialized MultithreadedTaskDispatcher with 32 workers.
 -> (artifact id: '173068c19a74a6f020df1b1221037415') in 0.001292 seconds
Number of updated asset objects reloaded before import = 0
Number of asset objects unloaded after import = 0
========================================================================
Received Prepare
Caller must complete domain reload
Begin MonoManager ReloadAssembly
Symbol file LoadedFromMemory is not a mono symbol file
- Loaded All Assemblies, in  0.574 seconds
Native extension for UWP target not found
Native extension for WindowsStandalone target not found
Native extension for Android target not found
Native extension for WebGL target not found
[Package Manager] Server::EnsureServerProcessIsRunning -- launch failed, reason: Unity was launched with the -noUpm command-line argument
[Package Manager] UpmClient::Send -- Unable to send message (not connected to UPM process).
[Package Manager] Cannot connect to Unity Package Manager local server
[Package Manager] Server::EnsureServerProcessIsRunning -- launch failed, reason: Unity was launched with the -noUpm command-line argument
[Package Manager] UpmClient::Send -- Unable to send message (not connected to UPM process).
[Package Manager] Cannot connect to Unity Package Manager local server
[Package Manager] Server::EnsureServerProcessIsRunning -- launch failed, reason: Unity was launched with the -noUpm command-line argument
[Package Manager] UpmClient::Send -- Unable to send message (not connected to UPM process).
[Package Manager] Cannot connect to Unity Package Manager local server
Mono: successfully reloaded assembly
[Package Manager] Server::EnsureServerProcessIsRunning -- launch failed, reason: Unity was launched with the -noUpm command-line argument
[Package Manager] UpmClient::Send -- Unable to send message (not connected to UPM process).
[Package Manager] Cannot connect to Unity Package Manager local server
- Finished resetting the current domain, in  1.170 seconds
Domain Reload Profiling: 1733ms
	BeginReloadAssembly (184ms)
		ExecutionOrderSort (0ms)
		DisableScriptedObjects (2ms)
		BackupInstance (0ms)
		ReleaseScriptingObjects (0ms)
		CreateAndSetChildDomain (49ms)
	RebuildCommonClasses (31ms)
	RebuildNativeTypeToScriptingClass (13ms)
	initialDomainReloadingComplete (34ms)
	LoadAllAssembliesAndSetupDomain (302ms)
		LoadAssemblies (339ms)
		RebuildTransferFunctionScriptingTraits (0ms)
		AnalyzeDomain (52ms)
			TypeCache.Refresh (11ms)
				TypeCache.ScanAssembly (0ms)
			ScanForSourceGeneratedMonoScriptInfo (23ms)
			ResolveRequiredComponents (16ms)
	FinalizeReload (1170ms)
		ReleaseScriptCaches (0ms)
		RebuildScriptCaches (0ms)
		SetupLoadedEditorAssemblies (577ms)
			LogAssemblyErrors (0ms)
			InitializePlatformSupportModulesInManaged (13ms)
			SetLoadedEditorAssemblies (3ms)
			RefreshPlugins (0ms)
			BeforeProcessingInitializeOnLoad (71ms)
			ProcessInitializeOnLoadAttributes (434ms)
			ProcessInitializeOnLoadMethodAttributes (48ms)
			AfterProcessingInitializeOnLoad (7ms)
			EditorAssembliesLoaded (0ms)
		ExecutionOrderSort2 (0ms)
		AwakeInstancesAfterBackupRestoration (10ms)
Shader 'Oculus/OVRMRCameraFrameLit': fallback shader 'Alpha-Diffuse' not found
Shader 'Meta/MRUK/Scene/HighlightsAndShadows': fallback shader 'Off' not found
Refreshing native plugins compatible for Editor in 22.09 ms, found 18 plugins.
Preloading 2 native plugins for Editor in 0.42 ms.
Unloading 7150 Unused Serialized files (Serialized files now loaded: 0)
Unloading 117 unused Assets / (490.0 KB). Loaded Objects now: 7766.
Memory consumption went from 231.3 MB to 230.8 MB.
Total: 6.879900 ms (FindLiveObjects: 0.365600 ms CreateObjectMapping: 0.112400 ms MarkObjects: 6.150500 ms  DeleteObjects: 0.250700 ms)

Prepare: number of updated asset objects reloaded= 0
AssetImportParameters requested are different than current active one (requested -> active):
  custom:container-demuxer-ogg: 62fdf1f143b41e24485cea50d1cbac27 -> 
  custom:scripting/precompiled-assembly-types:Unity.PlasticSCM.Editor: 6422b6ca0d4c4c6df738ede20396ac4f -> 61b19ddb92073bec3b858fc919e16e73
  custom:scripting/precompiled-assembly-types:Meta.XR.Audio.Editor: 1eac87452233ea86dd04901a7ceb57e0 -> c02188882d26f40a1917e6d94184aaf4
  custom:framework-win-MediaFoundation: 216162199b28c13a410421893ffa2e32 -> 
  custom:scripting/precompiled-assembly-types:Unity.Timeline.Editor: b4313fba5652ee5a8449f3ec85f31ae4 -> 534d7c71c4dd9147ea00599cede121e1
  custom:scripting/monoscript/fileName/HandRotationFixHandTracking.cs: 584554e38eeaf33baef55683427c44a8 -> 
  custom:scripting/precompiled-assembly-types:Meta.XR.BuildingBlocks.Editor: 69bfac43088fc2ac006732773810bd46 -> a09f0738fd6c81a6db5bb2123aeae89d
  custom:container-muxer-webm: aa71ff27fc2769a1b78a27578f13a17b -> 
  custom:video-decoder-webm-vp8: 9c59270c3fd7afecdb556c50c9e8de78 -> 
  custom:SearchIndexIgnoredProperties: e643bd26f0fe6173181afceb89e7c659 -> 
  custom:AudioImporter_EditorPlatform: d09bf68614088b80899f8185d706f6e7 -> 
  custom:scripting/precompiled-assembly-types:Unity.VisualScripting.Core.Editor: 1ac958119c4ad755d50390246b13522a -> 39597c0f3a76e24d87d64afa59c5f88d
  custom:scripting/precompiled-assembly-types:Unity.InputSystem: 7e4ac2e2a87c4f80cdf0b0a4975e85dc -> 785cafa545bbe73e3ae893412b423588
  custom:scripting/precompiled-assembly-types:Oculus.VR: 6502b0247b46d197562b215adc00fa8c -> 7c8b897337947a27720ebc9478aae940
  custom:scripting/precompiled-assembly-types:Meta.WitAi.Conduit.Editor: 02d324be68c4777f7dcd4423c11d1b60 -> ef9a63f8b87d060d528155e044066a30
  custom:audio-decoder-ogg-vorbis: bf7c407c2cedff20999df2af8eb42d56 -> 
  custom:audio-encoder-webm-vorbis: bf7c407c2cedff20999df2af8eb42d56 -> 
  custom:scripting/precompiled-assembly-types:Assembly-CSharp: 8d376db23d86c2ec933b75908a24b357 -> f519a94d776700ab39c48ba2ff3bd269
  custom:scripting/precompiled-assembly-types:Meta.XR.ImmersiveDebugger.Editor: 910d623f458ea727ba7150025b07dd4b -> e6c34eecc89e2b6ec09aad3c749c8e7c
  custom:video-decoder-ogg-theora: a1e56fd34408186e4bbccfd4996cb3dc -> 
  custom:CustomObjectIndexerAttribute: 9a22284fe3817be447336de3de66b15e -> 
  custom:container-demuxer-webm: 4f35f7cbe854078d1ac9338744f61a02 -> 
  custom:scripting/precompiled-assembly-types:Unity.XR.OpenXR: 1824cdf5325d3e8dd1885d4f9c5aa8bf -> 10bc3f1864d59f230b0a53c5ec5cc9c8
  custom:scripting/precompiled-assembly-types:UnityEngine.TestRunner: 7a4d96a0696e29157328c6996c3b82c5 -> f5758234275f5346968d00e3b1a1c0e4
  custom:video-encoder-webm-vp8: eb34c28f22e8b96e1ab97ce403110664 -> 
========================================================================
Received Prepare
Caller must complete domain reload
Begin MonoManager ReloadAssembly
Symbol file LoadedFromMemory is not a mono symbol file
- Loaded All Assemblies, in  0.569 seconds
Native extension for UWP target not found
Native extension for WindowsStandalone target not found
Native extension for Android target not found
Native extension for WebGL target not found
[Package Manager] Server::EnsureServerProcessIsRunning -- launch failed, reason: Unity was launched with the -noUpm command-line argument
[Package Manager] UpmClient::Send -- Unable to send message (not connected to UPM process).
[Package Manager] Cannot connect to Unity Package Manager local server
[Package Manager] Server::EnsureServerProcessIsRunning -- launch failed, reason: Unity was launched with the -noUpm command-line argument
[Package Manager] UpmClient::Send -- Unable to send message (not connected to UPM process).
[Package Manager] Cannot connect to Unity Package Manager local server
[Package Manager] Server::EnsureServerProcessIsRunning -- launch failed, reason: Unity was launched with the -noUpm command-line argument
[Package Manager] UpmClient::Send -- Unable to send message (not connected to UPM process).
[Package Manager] Cannot connect to Unity Package Manager local server
Mono: successfully reloaded assembly
[Package Manager] Server::EnsureServerProcessIsRunning -- launch failed, reason: Unity was launched with the -noUpm command-line argument
[Package Manager] UpmClient::Send -- Unable to send message (not connected to UPM process).
[Package Manager] Cannot connect to Unity Package Manager local server
- Finished resetting the current domain, in  1.255 seconds
Domain Reload Profiling: 1817ms
	BeginReloadAssembly (166ms)
		ExecutionOrderSort (0ms)
		DisableScriptedObjects (3ms)
		BackupInstance (0ms)
		ReleaseScriptingObjects (0ms)
		CreateAndSetChildDomain (45ms)
	RebuildCommonClasses (22ms)
	RebuildNativeTypeToScriptingClass (10ms)
	initialDomainReloadingComplete (29ms)
	LoadAllAssembliesAndSetupDomain (335ms)
		LoadAssemblies (346ms)
		RebuildTransferFunctionScriptingTraits (0ms)
		AnalyzeDomain (73ms)
			TypeCache.Refresh (16ms)
				TypeCache.ScanAssembly (0ms)
			ScanForSourceGeneratedMonoScriptInfo (31ms)
			ResolveRequiredComponents (23ms)
	FinalizeReload (1256ms)
		ReleaseScriptCaches (0ms)
		RebuildScriptCaches (0ms)
		SetupLoadedEditorAssemblies (666ms)
			LogAssemblyErrors (0ms)
			InitializePlatformSupportModulesInManaged (17ms)
			SetLoadedEditorAssemblies (3ms)
			RefreshPlugins (0ms)
			BeforeProcessingInitializeOnLoad (94ms)
			ProcessInitializeOnLoadAttributes (479ms)
			ProcessInitializeOnLoadMethodAttributes (68ms)
			AfterProcessingInitializeOnLoad (5ms)
			EditorAssembliesLoaded (0ms)
		ExecutionOrderSort2 (0ms)
		AwakeInstancesAfterBackupRestoration (7ms)
Shader 'Oculus/OVRMRCameraFrameLit': fallback shader 'Alpha-Diffuse' not found
Shader 'Meta/MRUK/Scene/HighlightsAndShadows': fallback shader 'Off' not found
Refreshing native plugins compatible for Editor in 23.71 ms, found 18 plugins.
Preloading 2 native plugins for Editor in 0.38 ms.
Unloading 7151 Unused Serialized files (Serialized files now loaded: 0)
Unloading 117 unused Assets / (498.0 KB). Loaded Objects now: 7770.
Memory consumption went from 231.6 MB to 231.1 MB.
Total: 6.481600 ms (FindLiveObjects: 0.332800 ms CreateObjectMapping: 0.163700 ms MarkObjects: 5.715100 ms  DeleteObjects: 0.269100 ms)

Prepare: number of updated asset objects reloaded= 0
AssetImportParameters requested are different than current active one (requested -> active):
  custom:container-demuxer-ogg: 62fdf1f143b41e24485cea50d1cbac27 -> 
  custom:scripting/precompiled-assembly-types:Unity.PlasticSCM.Editor: 6422b6ca0d4c4c6df738ede20396ac4f -> 61b19ddb92073bec3b858fc919e16e73
  custom:scripting/precompiled-assembly-types:Meta.XR.Audio.Editor: 1eac87452233ea86dd04901a7ceb57e0 -> c02188882d26f40a1917e6d94184aaf4
  custom:framework-win-MediaFoundation: 216162199b28c13a410421893ffa2e32 -> 
  custom:scripting/precompiled-assembly-types:Unity.Timeline.Editor: b4313fba5652ee5a8449f3ec85f31ae4 -> 534d7c71c4dd9147ea00599cede121e1
  custom:scripting/monoscript/fileName/HandRotationFixHandTracking.cs: 584554e38eeaf33baef55683427c44a8 -> 
  custom:scripting/precompiled-assembly-types:Meta.XR.BuildingBlocks.Editor: 69bfac43088fc2ac006732773810bd46 -> a09f0738fd6c81a6db5bb2123aeae89d
  custom:container-muxer-webm: aa71ff27fc2769a1b78a27578f13a17b -> 
  custom:video-decoder-webm-vp8: 9c59270c3fd7afecdb556c50c9e8de78 -> 
  custom:SearchIndexIgnoredProperties: e643bd26f0fe6173181afceb89e7c659 -> 
  custom:AudioImporter_EditorPlatform: d09bf68614088b80899f8185d706f6e7 -> 
  custom:scripting/precompiled-assembly-types:Unity.VisualScripting.Core.Editor: 1ac958119c4ad755d50390246b13522a -> 39597c0f3a76e24d87d64afa59c5f88d
  custom:scripting/precompiled-assembly-types:Unity.InputSystem: 7e4ac2e2a87c4f80cdf0b0a4975e85dc -> 785cafa545bbe73e3ae893412b423588
  custom:scripting/precompiled-assembly-types:Oculus.VR: 6502b0247b46d197562b215adc00fa8c -> 7c8b897337947a27720ebc9478aae940
  custom:scripting/precompiled-assembly-types:Meta.WitAi.Conduit.Editor: 02d324be68c4777f7dcd4423c11d1b60 -> ef9a63f8b87d060d528155e044066a30
  custom:audio-decoder-ogg-vorbis: bf7c407c2cedff20999df2af8eb42d56 -> 
  custom:audio-encoder-webm-vorbis: bf7c407c2cedff20999df2af8eb42d56 -> 
  custom:scripting/precompiled-assembly-types:Assembly-CSharp: 8d376db23d86c2ec933b75908a24b357 -> f519a94d776700ab39c48ba2ff3bd269
  custom:scripting/precompiled-assembly-types:Meta.XR.ImmersiveDebugger.Editor: 910d623f458ea727ba7150025b07dd4b -> e6c34eecc89e2b6ec09aad3c749c8e7c
  custom:video-decoder-ogg-theora: a1e56fd34408186e4bbccfd4996cb3dc -> 
  custom:CustomObjectIndexerAttribute: 9a22284fe3817be447336de3de66b15e -> 
  custom:container-demuxer-webm: 4f35f7cbe854078d1ac9338744f61a02 -> 
  custom:scripting/precompiled-assembly-types:Unity.XR.OpenXR: 1824cdf5325d3e8dd1885d4f9c5aa8bf -> 10bc3f1864d59f230b0a53c5ec5cc9c8
  custom:scripting/precompiled-assembly-types:UnityEngine.TestRunner: 7a4d96a0696e29157328c6996c3b82c5 -> f5758234275f5346968d00e3b1a1c0e4
  custom:video-encoder-webm-vp8: eb34c28f22e8b96e1ab97ce403110664 -> 
========================================================================
Received Prepare
Caller must complete domain reload
Begin MonoManager ReloadAssembly
Symbol file LoadedFromMemory is not a mono symbol file
- Loaded All Assemblies, in  0.557 seconds
Native extension for UWP target not found
Native extension for WindowsStandalone target not found
Native extension for Android target not found
Native extension for WebGL target not found
[Package Manager] Server::EnsureServerProcessIsRunning -- launch failed, reason: Unity was launched with the -noUpm command-line argument
[Package Manager] UpmClient::Send -- Unable to send message (not connected to UPM process).
[Package Manager] Cannot connect to Unity Package Manager local server
[Package Manager] Server::EnsureServerProcessIsRunning -- launch failed, reason: Unity was launched with the -noUpm command-line argument
[Package Manager] UpmClient::Send -- Unable to send message (not connected to UPM process).
[Package Manager] Cannot connect to Unity Package Manager local server
[Package Manager] Server::EnsureServerProcessIsRunning -- launch failed, reason: Unity was launched with the -noUpm command-line argument
[Package Manager] UpmClient::Send -- Unable to send message (not connected to UPM process).
[Package Manager] Cannot connect to Unity Package Manager local server
Mono: successfully reloaded assembly
[Package Manager] Server::EnsureServerProcessIsRunning -- launch failed, reason: Unity was launched with the -noUpm command-line argument
[Package Manager] UpmClient::Send -- Unable to send message (not connected to UPM process).
[Package Manager] Cannot connect to Unity Package Manager local server
- Finished resetting the current domain, in  1.278 seconds
Domain Reload Profiling: 1830ms
	BeginReloadAssembly (167ms)
		ExecutionOrderSort (0ms)
		DisableScriptedObjects (3ms)
		BackupInstance (0ms)
		ReleaseScriptingObjects (0ms)
		CreateAndSetChildDomain (49ms)
	RebuildCommonClasses (21ms)
	RebuildNativeTypeToScriptingClass (8ms)
	initialDomainReloadingComplete (22ms)
	LoadAllAssembliesAndSetupDomain (334ms)
		LoadAssemblies (333ms)
		RebuildTransferFunctionScriptingTraits (0ms)
		AnalyzeDomain (71ms)
			TypeCache.Refresh (17ms)
				TypeCache.ScanAssembly (0ms)
			ScanForSourceGeneratedMonoScriptInfo (29ms)
			ResolveRequiredComponents (23ms)
	FinalizeReload (1279ms)
		ReleaseScriptCaches (0ms)
		RebuildScriptCaches (0ms)
		SetupLoadedEditorAssemblies (671ms)
			LogAssemblyErrors (0ms)
			InitializePlatformSupportModulesInManaged (22ms)
			SetLoadedEditorAssemblies (5ms)
			RefreshPlugins (0ms)
			BeforeProcessingInitializeOnLoad (96ms)
			ProcessInitializeOnLoadAttributes (468ms)
			ProcessInitializeOnLoadMethodAttributes (70ms)
			AfterProcessingInitializeOnLoad (10ms)
			EditorAssembliesLoaded (1ms)
		ExecutionOrderSort2 (0ms)
		AwakeInstancesAfterBackupRestoration (12ms)
Shader 'Oculus/OVRMRCameraFrameLit': fallback shader 'Alpha-Diffuse' not found
Shader 'Meta/MRUK/Scene/HighlightsAndShadows': fallback shader 'Off' not found
Refreshing native plugins compatible for Editor in 32.42 ms, found 18 plugins.
Preloading 2 native plugins for Editor in 0.45 ms.
Unloading 7151 Unused Serialized files (Serialized files now loaded: 0)
Unloading 117 unused Assets / (498.0 KB). Loaded Objects now: 7774.
Memory consumption went from 231.6 MB to 231.1 MB.
Total: 9.491800 ms (FindLiveObjects: 0.306200 ms CreateObjectMapping: 0.104500 ms MarkObjects: 8.765000 ms  DeleteObjects: 0.314900 ms)

Prepare: number of updated asset objects reloaded= 0
AssetImportParameters requested are different than current active one (requested -> active):
  custom:container-demuxer-ogg: 62fdf1f143b41e24485cea50d1cbac27 -> 
  custom:scripting/precompiled-assembly-types:Unity.PlasticSCM.Editor: 6422b6ca0d4c4c6df738ede20396ac4f -> 61b19ddb92073bec3b858fc919e16e73
  custom:scripting/precompiled-assembly-types:Meta.XR.Audio.Editor: 1eac87452233ea86dd04901a7ceb57e0 -> c02188882d26f40a1917e6d94184aaf4
  custom:framework-win-MediaFoundation: 216162199b28c13a410421893ffa2e32 -> 
  custom:scripting/precompiled-assembly-types:Unity.Timeline.Editor: b4313fba5652ee5a8449f3ec85f31ae4 -> 534d7c71c4dd9147ea00599cede121e1
  custom:scripting/monoscript/fileName/HandRotationFixHandTracking.cs: 584554e38eeaf33baef55683427c44a8 -> 
  custom:scripting/precompiled-assembly-types:Meta.XR.BuildingBlocks.Editor: 69bfac43088fc2ac006732773810bd46 -> a09f0738fd6c81a6db5bb2123aeae89d
  custom:container-muxer-webm: aa71ff27fc2769a1b78a27578f13a17b -> 
  custom:video-decoder-webm-vp8: 9c59270c3fd7afecdb556c50c9e8de78 -> 
  custom:SearchIndexIgnoredProperties: e643bd26f0fe6173181afceb89e7c659 -> 
  custom:AudioImporter_EditorPlatform: d09bf68614088b80899f8185d706f6e7 -> 
  custom:scripting/precompiled-assembly-types:Unity.VisualScripting.Core.Editor: 1ac958119c4ad755d50390246b13522a -> 39597c0f3a76e24d87d64afa59c5f88d
  custom:scripting/precompiled-assembly-types:Unity.InputSystem: 7e4ac2e2a87c4f80cdf0b0a4975e85dc -> 785cafa545bbe73e3ae893412b423588
  custom:scripting/precompiled-assembly-types:Oculus.VR: 6502b0247b46d197562b215adc00fa8c -> 7c8b897337947a27720ebc9478aae940
  custom:scripting/precompiled-assembly-types:Meta.WitAi.Conduit.Editor: 02d324be68c4777f7dcd4423c11d1b60 -> ef9a63f8b87d060d528155e044066a30
  custom:audio-decoder-ogg-vorbis: bf7c407c2cedff20999df2af8eb42d56 -> 
  custom:audio-encoder-webm-vorbis: bf7c407c2cedff20999df2af8eb42d56 -> 
  custom:scripting/precompiled-assembly-types:Assembly-CSharp: 8d376db23d86c2ec933b75908a24b357 -> f519a94d776700ab39c48ba2ff3bd269
  custom:scripting/precompiled-assembly-types:Meta.XR.ImmersiveDebugger.Editor: 910d623f458ea727ba7150025b07dd4b -> e6c34eecc89e2b6ec09aad3c749c8e7c
  custom:video-decoder-ogg-theora: a1e56fd34408186e4bbccfd4996cb3dc -> 
  custom:CustomObjectIndexerAttribute: 9a22284fe3817be447336de3de66b15e -> 
  custom:container-demuxer-webm: 4f35f7cbe854078d1ac9338744f61a02 -> 
  custom:scripting/precompiled-assembly-types:Unity.XR.OpenXR: 1824cdf5325d3e8dd1885d4f9c5aa8bf -> 10bc3f1864d59f230b0a53c5ec5cc9c8
  custom:scripting/precompiled-assembly-types:UnityEngine.TestRunner: 7a4d96a0696e29157328c6996c3b82c5 -> f5758234275f5346968d00e3b1a1c0e4
  custom:video-encoder-webm-vp8: eb34c28f22e8b96e1ab97ce403110664 -> 
========================================================================
Received Import Request.
  Time since last request: 7026.705735 seconds.
  path: Assets/Scripts/FingersRotationFix.cs
  artifactKey: Guid(a2b858c8d010e7e4c8cf0d0f30ac7887) Importer(815301076,1909f56bfc062723c751e8b465ee728b)
Start importing Assets/Scripts/FingersRotationFix.cs using Guid(a2b858c8d010e7e4c8cf0d0f30ac7887) Importer(815301076,1909f56bfc062723c751e8b465ee728b) [PhysX] Initialized MultithreadedTaskDispatcher with 32 workers.
 -> (artifact id: '3c7b9f55e5ddd8b6d83c6f56ee567cff') in 0.005271 seconds
Number of updated asset objects reloaded before import = 0
Number of asset objects unloaded after import = 0
========================================================================
Received Prepare
Caller must complete domain reload
Begin MonoManager ReloadAssembly
Symbol file LoadedFromMemory is not a mono symbol file
- Loaded All Assemblies, in  0.571 seconds
Native extension for UWP target not found
Native extension for WindowsStandalone target not found
Native extension for Android target not found
Native extension for WebGL target not found
[Package Manager] Server::EnsureServerProcessIsRunning -- launch failed, reason: Unity was launched with the -noUpm command-line argument
[Package Manager] UpmClient::Send -- Unable to send message (not connected to UPM process).
[Package Manager] Cannot connect to Unity Package Manager local server
[Package Manager] Server::EnsureServerProcessIsRunning -- launch failed, reason: Unity was launched with the -noUpm command-line argument
[Package Manager] UpmClient::Send -- Unable to send message (not connected to UPM process).
[Package Manager] Cannot connect to Unity Package Manager local server
[Package Manager] Server::EnsureServerProcessIsRunning -- launch failed, reason: Unity was launched with the -noUpm command-line argument
[Package Manager] UpmClient::Send -- Unable to send message (not connected to UPM process).
[Package Manager] Cannot connect to Unity Package Manager local server
Mono: successfully reloaded assembly
[Package Manager] Server::EnsureServerProcessIsRunning -- launch failed, reason: Unity was launched with the -noUpm command-line argument
[Package Manager] UpmClient::Send -- Unable to send message (not connected to UPM process).
[Package Manager] Cannot connect to Unity Package Manager local server
- Finished resetting the current domain, in  1.288 seconds
Domain Reload Profiling: 1850ms
	BeginReloadAssembly (177ms)
		ExecutionOrderSort (0ms)
		DisableScriptedObjects (2ms)
		BackupInstance (0ms)
		ReleaseScriptingObjects (0ms)
		CreateAndSetChildDomain (48ms)
	RebuildCommonClasses (25ms)
	RebuildNativeTypeToScriptingClass (7ms)
	initialDomainReloadingComplete (29ms)
	LoadAllAssembliesAndSetupDomain (323ms)
		LoadAssemblies (354ms)
		RebuildTransferFunctionScriptingTraits (0ms)
		AnalyzeDomain (54ms)
			TypeCache.Refresh (11ms)
				TypeCache.ScanAssembly (0ms)
			ScanForSourceGeneratedMonoScriptInfo (26ms)
			ResolveRequiredComponents (16ms)
	FinalizeReload (1289ms)
		ReleaseScriptCaches (0ms)
		RebuildScriptCaches (0ms)
		SetupLoadedEditorAssemblies (726ms)
			LogAssemblyErrors (0ms)
			InitializePlatformSupportModulesInManaged (31ms)
			SetLoadedEditorAssemblies (6ms)
			RefreshPlugins (0ms)
			BeforeProcessingInitializeOnLoad (141ms)
			ProcessInitializeOnLoadAttributes (502ms)
			ProcessInitializeOnLoadMethodAttributes (41ms)
			AfterProcessingInitializeOnLoad (5ms)
			EditorAssembliesLoaded (0ms)
		ExecutionOrderSort2 (0ms)
		AwakeInstancesAfterBackupRestoration (10ms)
Shader 'Oculus/OVRMRCameraFrameLit': fallback shader 'Alpha-Diffuse' not found
Shader 'Meta/MRUK/Scene/HighlightsAndShadows': fallback shader 'Off' not found
Refreshing native plugins compatible for Editor in 23.27 ms, found 18 plugins.
Preloading 2 native plugins for Editor in 0.35 ms.
Unloading 7151 Unused Serialized files (Serialized files now loaded: 0)
Unloading 117 unused Assets / (489.5 KB). Loaded Objects now: 7779.
Memory consumption went from 231.3 MB to 230.9 MB.
Total: 7.078100 ms (FindLiveObjects: 0.337300 ms CreateObjectMapping: 0.133700 ms MarkObjects: 6.367200 ms  DeleteObjects: 0.238600 ms)

Prepare: number of updated asset objects reloaded= 0
AssetImportParameters requested are different than current active one (requested -> active):
  custom:container-demuxer-ogg: 62fdf1f143b41e24485cea50d1cbac27 -> 
  custom:scripting/precompiled-assembly-types:Unity.PlasticSCM.Editor: 6422b6ca0d4c4c6df738ede20396ac4f -> 61b19ddb92073bec3b858fc919e16e73
  custom:scripting/precompiled-assembly-types:Meta.XR.Audio.Editor: 1eac87452233ea86dd04901a7ceb57e0 -> c02188882d26f40a1917e6d94184aaf4
  custom:scripting/monoscript/fileName/FingersRotationFix.cs: 6439806d6c086de3cd17c471a7c782fa -> 
  custom:framework-win-MediaFoundation: 216162199b28c13a410421893ffa2e32 -> 
  custom:scripting/precompiled-assembly-types:Unity.Timeline.Editor: b4313fba5652ee5a8449f3ec85f31ae4 -> 534d7c71c4dd9147ea00599cede121e1
  custom:scripting/monoscript/fileName/HandRotationFixHandTracking.cs: 584554e38eeaf33baef55683427c44a8 -> 
  custom:scripting/precompiled-assembly-types:Meta.XR.BuildingBlocks.Editor: 69bfac43088fc2ac006732773810bd46 -> a09f0738fd6c81a6db5bb2123aeae89d
  custom:container-muxer-webm: aa71ff27fc2769a1b78a27578f13a17b -> 
  custom:video-decoder-webm-vp8: 9c59270c3fd7afecdb556c50c9e8de78 -> 
  custom:SearchIndexIgnoredProperties: e643bd26f0fe6173181afceb89e7c659 -> 
  custom:AudioImporter_EditorPlatform: d09bf68614088b80899f8185d706f6e7 -> 
  custom:scripting/precompiled-assembly-types:Unity.VisualScripting.Core.Editor: 1ac958119c4ad755d50390246b13522a -> 39597c0f3a76e24d87d64afa59c5f88d
  custom:scripting/precompiled-assembly-types:Unity.InputSystem: 7e4ac2e2a87c4f80cdf0b0a4975e85dc -> 785cafa545bbe73e3ae893412b423588
  custom:scripting/precompiled-assembly-types:Oculus.VR: 6502b0247b46d197562b215adc00fa8c -> 7c8b897337947a27720ebc9478aae940
  custom:scripting/precompiled-assembly-types:Meta.WitAi.Conduit.Editor: 02d324be68c4777f7dcd4423c11d1b60 -> ef9a63f8b87d060d528155e044066a30
  custom:audio-decoder-ogg-vorbis: bf7c407c2cedff20999df2af8eb42d56 -> 
  custom:audio-encoder-webm-vorbis: bf7c407c2cedff20999df2af8eb42d56 -> 
  custom:scripting/precompiled-assembly-types:Assembly-CSharp: c1f66058f429f10be17971269bc7e66b -> f519a94d776700ab39c48ba2ff3bd269
  custom:scripting/precompiled-assembly-types:Meta.XR.ImmersiveDebugger.Editor: 910d623f458ea727ba7150025b07dd4b -> e6c34eecc89e2b6ec09aad3c749c8e7c
  custom:video-decoder-ogg-theora: a1e56fd34408186e4bbccfd4996cb3dc -> 
  custom:CustomObjectIndexerAttribute: 9a22284fe3817be447336de3de66b15e -> 
  custom:container-demuxer-webm: 4f35f7cbe854078d1ac9338744f61a02 -> 
  custom:scripting/precompiled-assembly-types:Unity.XR.OpenXR: 1824cdf5325d3e8dd1885d4f9c5aa8bf -> 10bc3f1864d59f230b0a53c5ec5cc9c8
  custom:scripting/precompiled-assembly-types:UnityEngine.TestRunner: 7a4d96a0696e29157328c6996c3b82c5 -> f5758234275f5346968d00e3b1a1c0e4
  custom:video-encoder-webm-vp8: eb34c28f22e8b96e1ab97ce403110664 -> 
========================================================================
Received Import Request.
  Time since last request: 13.923255 seconds.
  path: Assets/Scripts/FingersRotationFix.cs
  artifactKey: Guid(a2b858c8d010e7e4c8cf0d0f30ac7887) Importer(815301076,1909f56bfc062723c751e8b465ee728b)
Start importing Assets/Scripts/FingersRotationFix.cs using Guid(a2b858c8d010e7e4c8cf0d0f30ac7887) Importer(815301076,1909f56bfc062723c751e8b465ee728b) [PhysX] Initialized MultithreadedTaskDispatcher with 32 workers.
 -> (artifact id: 'd99472158f104839d43835cbbd46fe2f') in 0.003095 seconds
Number of updated asset objects reloaded before import = 0
Number of asset objects unloaded after import = 0
========================================================================
Received Prepare
Caller must complete domain reload
Begin MonoManager ReloadAssembly
Symbol file LoadedFromMemory is not a mono symbol file
- Loaded All Assemblies, in  0.581 seconds
Native extension for UWP target not found
Native extension for WindowsStandalone target not found
Native extension for Android target not found
Native extension for WebGL target not found
[Package Manager] Server::EnsureServerProcessIsRunning -- launch failed, reason: Unity was launched with the -noUpm command-line argument
[Package Manager] UpmClient::Send -- Unable to send message (not connected to UPM process).
[Package Manager] Cannot connect to Unity Package Manager local server
[Package Manager] Server::EnsureServerProcessIsRunning -- launch failed, reason: Unity was launched with the -noUpm command-line argument
[Package Manager] UpmClient::Send -- Unable to send message (not connected to UPM process).
[Package Manager] Cannot connect to Unity Package Manager local server
[Package Manager] Server::EnsureServerProcessIsRunning -- launch failed, reason: Unity was launched with the -noUpm command-line argument
[Package Manager] UpmClient::Send -- Unable to send message (not connected to UPM process).
[Package Manager] Cannot connect to Unity Package Manager local server
Mono: successfully reloaded assembly
[Package Manager] Server::EnsureServerProcessIsRunning -- launch failed, reason: Unity was launched with the -noUpm command-line argument
[Package Manager] UpmClient::Send -- Unable to send message (not connected to UPM process).
[Package Manager] Cannot connect to Unity Package Manager local server
- Finished resetting the current domain, in  1.362 seconds
Domain Reload Profiling: 1939ms
	BeginReloadAssembly (150ms)
		ExecutionOrderSort (0ms)
		DisableScriptedObjects (4ms)
		BackupInstance (0ms)
		ReleaseScriptingObjects (0ms)
		CreateAndSetChildDomain (39ms)
	RebuildCommonClasses (31ms)
	RebuildNativeTypeToScriptingClass (13ms)
	initialDomainReloadingComplete (26ms)
	LoadAllAssembliesAndSetupDomain (357ms)
		LoadAssemblies (357ms)
		RebuildTransferFunctionScriptingTraits (0ms)
		AnalyzeDomain (67ms)
			TypeCache.Refresh (15ms)
				TypeCache.ScanAssembly (0ms)
			ScanForSourceGeneratedMonoScriptInfo (27ms)
			ResolveRequiredComponents (22ms)
	FinalizeReload (1362ms)
		ReleaseScriptCaches (0ms)
		RebuildScriptCaches (0ms)
		SetupLoadedEditorAssemblies (664ms)
			LogAssemblyErrors (0ms)
			InitializePlatformSupportModulesInManaged (22ms)
			SetLoadedEditorAssemblies (4ms)
			RefreshPlugins (0ms)
			BeforeProcessingInitializeOnLoad (94ms)
			ProcessInitializeOnLoadAttributes (497ms)
			ProcessInitializeOnLoadMethodAttributes (40ms)
			AfterProcessingInitializeOnLoad (5ms)
			EditorAssembliesLoaded (0ms)
		ExecutionOrderSort2 (0ms)
		AwakeInstancesAfterBackupRestoration (8ms)
Shader 'Oculus/OVRMRCameraFrameLit': fallback shader 'Alpha-Diffuse' not found
Shader 'Meta/MRUK/Scene/HighlightsAndShadows': fallback shader 'Off' not found
Refreshing native plugins compatible for Editor in 22.34 ms, found 18 plugins.
Preloading 2 native plugins for Editor in 0.35 ms.
Unloading 7151 Unused Serialized files (Serialized files now loaded: 0)
Unloading 117 unused Assets / (489.5 KB). Loaded Objects now: 7783.
Memory consumption went from 231.2 MB to 230.7 MB.
Total: 8.378600 ms (FindLiveObjects: 0.313600 ms CreateObjectMapping: 0.222300 ms MarkObjects: 7.548300 ms  DeleteObjects: 0.292900 ms)

Prepare: number of updated asset objects reloaded= 0
AssetImportParameters requested are different than current active one (requested -> active):
  custom:container-demuxer-ogg: 62fdf1f143b41e24485cea50d1cbac27 -> 
  custom:scripting/precompiled-assembly-types:Unity.PlasticSCM.Editor: 6422b6ca0d4c4c6df738ede20396ac4f -> 61b19ddb92073bec3b858fc919e16e73
  custom:scripting/precompiled-assembly-types:Meta.XR.Audio.Editor: 1eac87452233ea86dd04901a7ceb57e0 -> c02188882d26f40a1917e6d94184aaf4
  custom:scripting/monoscript/fileName/FingersRotationFix.cs: 6439806d6c086de3cd17c471a7c782fa -> 
  custom:framework-win-MediaFoundation: 216162199b28c13a410421893ffa2e32 -> 
  custom:scripting/precompiled-assembly-types:Unity.Timeline.Editor: b4313fba5652ee5a8449f3ec85f31ae4 -> 534d7c71c4dd9147ea00599cede121e1
  custom:scripting/monoscript/fileName/HandRotationFixHandTracking.cs: 584554e38eeaf33baef55683427c44a8 -> 
  custom:scripting/precompiled-assembly-types:Meta.XR.BuildingBlocks.Editor: 69bfac43088fc2ac006732773810bd46 -> a09f0738fd6c81a6db5bb2123aeae89d
  custom:container-muxer-webm: aa71ff27fc2769a1b78a27578f13a17b -> 
  custom:video-decoder-webm-vp8: 9c59270c3fd7afecdb556c50c9e8de78 -> 
  custom:SearchIndexIgnoredProperties: e643bd26f0fe6173181afceb89e7c659 -> 
  custom:AudioImporter_EditorPlatform: d09bf68614088b80899f8185d706f6e7 -> 
  custom:scripting/precompiled-assembly-types:Unity.VisualScripting.Core.Editor: 1ac958119c4ad755d50390246b13522a -> 39597c0f3a76e24d87d64afa59c5f88d
  custom:scripting/precompiled-assembly-types:Unity.InputSystem: 7e4ac2e2a87c4f80cdf0b0a4975e85dc -> 785cafa545bbe73e3ae893412b423588
  custom:scripting/precompiled-assembly-types:Oculus.VR: 6502b0247b46d197562b215adc00fa8c -> 7c8b897337947a27720ebc9478aae940
  custom:scripting/precompiled-assembly-types:Meta.WitAi.Conduit.Editor: 02d324be68c4777f7dcd4423c11d1b60 -> ef9a63f8b87d060d528155e044066a30
  custom:audio-decoder-ogg-vorbis: bf7c407c2cedff20999df2af8eb42d56 -> 
  custom:audio-encoder-webm-vorbis: bf7c407c2cedff20999df2af8eb42d56 -> 
  custom:scripting/precompiled-assembly-types:Assembly-CSharp: c1f66058f429f10be17971269bc7e66b -> f519a94d776700ab39c48ba2ff3bd269
  custom:scripting/precompiled-assembly-types:Meta.XR.ImmersiveDebugger.Editor: 910d623f458ea727ba7150025b07dd4b -> e6c34eecc89e2b6ec09aad3c749c8e7c
  custom:video-decoder-ogg-theora: a1e56fd34408186e4bbccfd4996cb3dc -> 
  custom:CustomObjectIndexerAttribute: 9a22284fe3817be447336de3de66b15e -> 
  custom:container-demuxer-webm: 4f35f7cbe854078d1ac9338744f61a02 -> 
  custom:scripting/precompiled-assembly-types:Unity.XR.OpenXR: 1824cdf5325d3e8dd1885d4f9c5aa8bf -> 10bc3f1864d59f230b0a53c5ec5cc9c8
  custom:scripting/precompiled-assembly-types:UnityEngine.TestRunner: 7a4d96a0696e29157328c6996c3b82c5 -> f5758234275f5346968d00e3b1a1c0e4
  custom:video-encoder-webm-vp8: eb34c28f22e8b96e1ab97ce403110664 -> 
========================================================================
Received Import Request.
  Time since last request: 52.214811 seconds.
  path: Assets/Scripts/RotationDifference.cs
  artifactKey: Guid(892e2d7cbdf980e4b9ea97a23e808d76) Importer(815301076,1909f56bfc062723c751e8b465ee728b)
Start importing Assets/Scripts/RotationDifference.cs using Guid(892e2d7cbdf980e4b9ea97a23e808d76) Importer(815301076,1909f56bfc062723c751e8b465ee728b) [PhysX] Initialized MultithreadedTaskDispatcher with 32 workers.
 -> (artifact id: '659149f135af60553c232fed4220e92e') in 0.003245 seconds
Number of updated asset objects reloaded before import = 0
Number of asset objects unloaded after import = 0
========================================================================
Received Prepare
Caller must complete domain reload
Begin MonoManager ReloadAssembly
Symbol file LoadedFromMemory is not a mono symbol file
- Loaded All Assemblies, in  0.490 seconds
Native extension for UWP target not found
Native extension for WindowsStandalone target not found
Native extension for Android target not found
Native extension for WebGL target not found
[Package Manager] Server::EnsureServerProcessIsRunning -- launch failed, reason: Unity was launched with the -noUpm command-line argument
[Package Manager] UpmClient::Send -- Unable to send message (not connected to UPM process).
[Package Manager] Cannot connect to Unity Package Manager local server
[Package Manager] Server::EnsureServerProcessIsRunning -- launch failed, reason: Unity was launched with the -noUpm command-line argument
[Package Manager] UpmClient::Send -- Unable to send message (not connected to UPM process).
[Package Manager] Cannot connect to Unity Package Manager local server
[Package Manager] Server::EnsureServerProcessIsRunning -- launch failed, reason: Unity was launched with the -noUpm command-line argument
[Package Manager] UpmClient::Send -- Unable to send message (not connected to UPM process).
[Package Manager] Cannot connect to Unity Package Manager local server
Mono: successfully reloaded assembly
[Package Manager] Server::EnsureServerProcessIsRunning -- launch failed, reason: Unity was launched with the -noUpm command-line argument
[Package Manager] UpmClient::Send -- Unable to send message (not connected to UPM process).
[Package Manager] Cannot connect to Unity Package Manager local server
- Finished resetting the current domain, in  1.203 seconds
Domain Reload Profiling: 1689ms
	BeginReloadAssembly (153ms)
		ExecutionOrderSort (0ms)
		DisableScriptedObjects (3ms)
		BackupInstance (0ms)
		ReleaseScriptingObjects (0ms)
		CreateAndSetChildDomain (35ms)
	RebuildCommonClasses (23ms)
	RebuildNativeTypeToScriptingClass (8ms)
	initialDomainReloadingComplete (19ms)
	LoadAllAssembliesAndSetupDomain (284ms)
		LoadAssemblies (315ms)
		RebuildTransferFunctionScriptingTraits (0ms)
		AnalyzeDomain (50ms)
			TypeCache.Refresh (11ms)
				TypeCache.ScanAssembly (0ms)
			ScanForSourceGeneratedMonoScriptInfo (21ms)
			ResolveRequiredComponents (16ms)
	FinalizeReload (1203ms)
		ReleaseScriptCaches (0ms)
		RebuildScriptCaches (0ms)
		SetupLoadedEditorAssemblies (684ms)
			LogAssemblyErrors (0ms)
			InitializePlatformSupportModulesInManaged (34ms)
			SetLoadedEditorAssemblies (5ms)
			RefreshPlugins (0ms)
			BeforeProcessingInitializeOnLoad (138ms)
			ProcessInitializeOnLoadAttributes (457ms)
			ProcessInitializeOnLoadMethodAttributes (44ms)
			AfterProcessingInitializeOnLoad (5ms)
			EditorAssembliesLoaded (0ms)
		ExecutionOrderSort2 (0ms)
		AwakeInstancesAfterBackupRestoration (6ms)
Shader 'Oculus/OVRMRCameraFrameLit': fallback shader 'Alpha-Diffuse' not found
Shader 'Meta/MRUK/Scene/HighlightsAndShadows': fallback shader 'Off' not found
Refreshing native plugins compatible for Editor in 24.58 ms, found 18 plugins.
Preloading 2 native plugins for Editor in 0.38 ms.
Unloading 7150 Unused Serialized files (Serialized files now loaded: 0)
Unloading 118 unused Assets / (498.0 KB). Loaded Objects now: 7786.
Memory consumption went from 231.4 MB to 230.9 MB.
Total: 9.431200 ms (FindLiveObjects: 0.370000 ms CreateObjectMapping: 0.436000 ms MarkObjects: 8.369100 ms  DeleteObjects: 0.254700 ms)

Prepare: number of updated asset objects reloaded= 0
AssetImportParameters requested are different than current active one (requested -> active):
  custom:container-demuxer-ogg: 62fdf1f143b41e24485cea50d1cbac27 -> 
  custom:scripting/precompiled-assembly-types:Unity.PlasticSCM.Editor: 6422b6ca0d4c4c6df738ede20396ac4f -> 61b19ddb92073bec3b858fc919e16e73
  custom:scripting/precompiled-assembly-types:Meta.XR.Audio.Editor: 1eac87452233ea86dd04901a7ceb57e0 -> c02188882d26f40a1917e6d94184aaf4
  custom:scripting/monoscript/fileName/FingersRotationFix.cs: 6439806d6c086de3cd17c471a7c782fa -> 
  custom:framework-win-MediaFoundation: 216162199b28c13a410421893ffa2e32 -> 
  custom:scripting/precompiled-assembly-types:Unity.Timeline.Editor: b4313fba5652ee5a8449f3ec85f31ae4 -> 534d7c71c4dd9147ea00599cede121e1
  custom:scripting/monoscript/fileName/HandRotationFixHandTracking.cs: 584554e38eeaf33baef55683427c44a8 -> 
  custom:scripting/precompiled-assembly-types:Meta.XR.BuildingBlocks.Editor: 69bfac43088fc2ac006732773810bd46 -> a09f0738fd6c81a6db5bb2123aeae89d
  custom:container-muxer-webm: aa71ff27fc2769a1b78a27578f13a17b -> 
  custom:video-decoder-webm-vp8: 9c59270c3fd7afecdb556c50c9e8de78 -> 
  custom:SearchIndexIgnoredProperties: e643bd26f0fe6173181afceb89e7c659 -> 
  custom:AudioImporter_EditorPlatform: d09bf68614088b80899f8185d706f6e7 -> 
  custom:scripting/precompiled-assembly-types:Unity.VisualScripting.Core.Editor: 1ac958119c4ad755d50390246b13522a -> 39597c0f3a76e24d87d64afa59c5f88d
  custom:scripting/precompiled-assembly-types:Unity.InputSystem: 7e4ac2e2a87c4f80cdf0b0a4975e85dc -> 785cafa545bbe73e3ae893412b423588
  custom:scripting/precompiled-assembly-types:Oculus.VR: 6502b0247b46d197562b215adc00fa8c -> 7c8b897337947a27720ebc9478aae940
  custom:scripting/precompiled-assembly-types:Meta.WitAi.Conduit.Editor: 02d324be68c4777f7dcd4423c11d1b60 -> ef9a63f8b87d060d528155e044066a30
  custom:audio-decoder-ogg-vorbis: bf7c407c2cedff20999df2af8eb42d56 -> 
  custom:audio-encoder-webm-vorbis: bf7c407c2cedff20999df2af8eb42d56 -> 
  custom:scripting/precompiled-assembly-types:Assembly-CSharp: 8d376db23d86c2ec933b75908a24b357 -> f519a94d776700ab39c48ba2ff3bd269
  custom:scripting/precompiled-assembly-types:Meta.XR.ImmersiveDebugger.Editor: 910d623f458ea727ba7150025b07dd4b -> e6c34eecc89e2b6ec09aad3c749c8e7c
  custom:video-decoder-ogg-theora: a1e56fd34408186e4bbccfd4996cb3dc -> 
  custom:CustomObjectIndexerAttribute: 9a22284fe3817be447336de3de66b15e -> 
  custom:container-demuxer-webm: 4f35f7cbe854078d1ac9338744f61a02 -> 
  custom:scripting/precompiled-assembly-types:Unity.XR.OpenXR: 1824cdf5325d3e8dd1885d4f9c5aa8bf -> 10bc3f1864d59f230b0a53c5ec5cc9c8
  custom:scripting/precompiled-assembly-types:UnityEngine.TestRunner: 7a4d96a0696e29157328c6996c3b82c5 -> f5758234275f5346968d00e3b1a1c0e4
  custom:video-encoder-webm-vp8: eb34c28f22e8b96e1ab97ce403110664 -> 
========================================================================
Received Prepare
Caller must complete domain reload
Begin MonoManager ReloadAssembly
Symbol file LoadedFromMemory is not a mono symbol file
- Loaded All Assemblies, in  0.557 seconds
Native extension for UWP target not found
Native extension for WindowsStandalone target not found
Native extension for Android target not found
Native extension for WebGL target not found
[Package Manager] Server::EnsureServerProcessIsRunning -- launch failed, reason: Unity was launched with the -noUpm command-line argument
[Package Manager] UpmClient::Send -- Unable to send message (not connected to UPM process).
[Package Manager] Cannot connect to Unity Package Manager local server
[Package Manager] Server::EnsureServerProcessIsRunning -- launch failed, reason: Unity was launched with the -noUpm command-line argument
[Package Manager] UpmClient::Send -- Unable to send message (not connected to UPM process).
[Package Manager] Cannot connect to Unity Package Manager local server
[Package Manager] Server::EnsureServerProcessIsRunning -- launch failed, reason: Unity was launched with the -noUpm command-line argument
[Package Manager] UpmClient::Send -- Unable to send message (not connected to UPM process).
[Package Manager] Cannot connect to Unity Package Manager local server
Mono: successfully reloaded assembly
[Package Manager] Server::EnsureServerProcessIsRunning -- launch failed, reason: Unity was launched with the -noUpm command-line argument
[Package Manager] UpmClient::Send -- Unable to send message (not connected to UPM process).
[Package Manager] Cannot connect to Unity Package Manager local server
- Finished resetting the current domain, in  1.078 seconds
Domain Reload Profiling: 1627ms
	BeginReloadAssembly (166ms)
		ExecutionOrderSort (0ms)
		DisableScriptedObjects (2ms)
		BackupInstance (0ms)
		ReleaseScriptingObjects (0ms)
		CreateAndSetChildDomain (39ms)
	RebuildCommonClasses (28ms)
	RebuildNativeTypeToScriptingClass (8ms)
	initialDomainReloadingComplete (31ms)
	LoadAllAssembliesAndSetupDomain (315ms)
		LoadAssemblies (339ms)
		RebuildTransferFunctionScriptingTraits (0ms)
		AnalyzeDomain (65ms)
			TypeCache.Refresh (12ms)
				TypeCache.ScanAssembly (0ms)
			ScanForSourceGeneratedMonoScriptInfo (28ms)
			ResolveRequiredComponents (24ms)
	FinalizeReload (1079ms)
		ReleaseScriptCaches (0ms)
		RebuildScriptCaches (0ms)
		SetupLoadedEditorAssemblies (588ms)
			LogAssemblyErrors (0ms)
			InitializePlatformSupportModulesInManaged (15ms)
			SetLoadedEditorAssemblies (6ms)
			RefreshPlugins (0ms)
			BeforeProcessingInitializeOnLoad (89ms)
			ProcessInitializeOnLoadAttributes (427ms)
			ProcessInitializeOnLoadMethodAttributes (44ms)
			AfterProcessingInitializeOnLoad (7ms)
			EditorAssembliesLoaded (0ms)
		ExecutionOrderSort2 (0ms)
		AwakeInstancesAfterBackupRestoration (9ms)
Shader 'Oculus/OVRMRCameraFrameLit': fallback shader 'Alpha-Diffuse' not found
Shader 'Meta/MRUK/Scene/HighlightsAndShadows': fallback shader 'Off' not found
Refreshing native plugins compatible for Editor in 28.67 ms, found 18 plugins.
Preloading 2 native plugins for Editor in 0.40 ms.
Unloading 7150 Unused Serialized files (Serialized files now loaded: 0)
Unloading 118 unused Assets / (489.8 KB). Loaded Objects now: 7789.
Memory consumption went from 231.6 MB to 231.1 MB.
Total: 8.614600 ms (FindLiveObjects: 0.754300 ms CreateObjectMapping: 0.156600 ms MarkObjects: 7.459600 ms  DeleteObjects: 0.242700 ms)

Prepare: number of updated asset objects reloaded= 0
AssetImportParameters requested are different than current active one (requested -> active):
  custom:container-demuxer-ogg: 62fdf1f143b41e24485cea50d1cbac27 -> 
  custom:scripting/precompiled-assembly-types:Unity.PlasticSCM.Editor: 6422b6ca0d4c4c6df738ede20396ac4f -> 61b19ddb92073bec3b858fc919e16e73
  custom:scripting/precompiled-assembly-types:Meta.XR.Audio.Editor: 1eac87452233ea86dd04901a7ceb57e0 -> c02188882d26f40a1917e6d94184aaf4
  custom:scripting/monoscript/fileName/FingersRotationFix.cs: 6439806d6c086de3cd17c471a7c782fa -> 
  custom:framework-win-MediaFoundation: 216162199b28c13a410421893ffa2e32 -> 
  custom:scripting/precompiled-assembly-types:Unity.Timeline.Editor: b4313fba5652ee5a8449f3ec85f31ae4 -> 534d7c71c4dd9147ea00599cede121e1
  custom:scripting/monoscript/fileName/HandRotationFixHandTracking.cs: 584554e38eeaf33baef55683427c44a8 -> 
  custom:scripting/precompiled-assembly-types:Meta.XR.BuildingBlocks.Editor: 69bfac43088fc2ac006732773810bd46 -> a09f0738fd6c81a6db5bb2123aeae89d
  custom:container-muxer-webm: aa71ff27fc2769a1b78a27578f13a17b -> 
  custom:video-decoder-webm-vp8: 9c59270c3fd7afecdb556c50c9e8de78 -> 
  custom:SearchIndexIgnoredProperties: e643bd26f0fe6173181afceb89e7c659 -> 
  custom:AudioImporter_EditorPlatform: d09bf68614088b80899f8185d706f6e7 -> 
  custom:scripting/precompiled-assembly-types:Unity.VisualScripting.Core.Editor: 1ac958119c4ad755d50390246b13522a -> 39597c0f3a76e24d87d64afa59c5f88d
  custom:scripting/precompiled-assembly-types:Unity.InputSystem: 7e4ac2e2a87c4f80cdf0b0a4975e85dc -> 785cafa545bbe73e3ae893412b423588
  custom:scripting/precompiled-assembly-types:Oculus.VR: 6502b0247b46d197562b215adc00fa8c -> 7c8b897337947a27720ebc9478aae940
  custom:scripting/precompiled-assembly-types:Meta.WitAi.Conduit.Editor: 02d324be68c4777f7dcd4423c11d1b60 -> ef9a63f8b87d060d528155e044066a30
  custom:audio-decoder-ogg-vorbis: bf7c407c2cedff20999df2af8eb42d56 -> 
  custom:audio-encoder-webm-vorbis: bf7c407c2cedff20999df2af8eb42d56 -> 
  custom:scripting/precompiled-assembly-types:Assembly-CSharp: 13c0ad303ddfcc75e4f4e204ae2e075f -> f519a94d776700ab39c48ba2ff3bd269
  custom:scripting/precompiled-assembly-types:Meta.XR.ImmersiveDebugger.Editor: 910d623f458ea727ba7150025b07dd4b -> e6c34eecc89e2b6ec09aad3c749c8e7c
  custom:video-decoder-ogg-theora: a1e56fd34408186e4bbccfd4996cb3dc -> 
  custom:CustomObjectIndexerAttribute: 9a22284fe3817be447336de3de66b15e -> 
  custom:container-demuxer-webm: 4f35f7cbe854078d1ac9338744f61a02 -> 
  custom:scripting/precompiled-assembly-types:Unity.XR.OpenXR: 1824cdf5325d3e8dd1885d4f9c5aa8bf -> 10bc3f1864d59f230b0a53c5ec5cc9c8
  custom:scripting/precompiled-assembly-types:UnityEngine.TestRunner: 7a4d96a0696e29157328c6996c3b82c5 -> f5758234275f5346968d00e3b1a1c0e4
  custom:video-encoder-webm-vp8: eb34c28f22e8b96e1ab97ce403110664 -> 
========================================================================
Received Prepare
Caller must complete domain reload
Begin MonoManager ReloadAssembly
Symbol file LoadedFromMemory is not a mono symbol file
- Loaded All Assemblies, in  0.518 seconds
Native extension for UWP target not found
Native extension for WindowsStandalone target not found
Native extension for Android target not found
Native extension for WebGL target not found
[Package Manager] Server::EnsureServerProcessIsRunning -- launch failed, reason: Unity was launched with the -noUpm command-line argument
[Package Manager] UpmClient::Send -- Unable to send message (not connected to UPM process).
[Package Manager] Cannot connect to Unity Package Manager local server
[Package Manager] Server::EnsureServerProcessIsRunning -- launch failed, reason: Unity was launched with the -noUpm command-line argument
[Package Manager] UpmClient::Send -- Unable to send message (not connected to UPM process).
[Package Manager] Cannot connect to Unity Package Manager local server
[Package Manager] Server::EnsureServerProcessIsRunning -- launch failed, reason: Unity was launched with the -noUpm command-line argument
[Package Manager] UpmClient::Send -- Unable to send message (not connected to UPM process).
[Package Manager] Cannot connect to Unity Package Manager local server
Mono: successfully reloaded assembly
[Package Manager] Server::EnsureServerProcessIsRunning -- launch failed, reason: Unity was launched with the -noUpm command-line argument
[Package Manager] UpmClient::Send -- Unable to send message (not connected to UPM process).
[Package Manager] Cannot connect to Unity Package Manager local server
- Finished resetting the current domain, in  1.562 seconds
Domain Reload Profiling: 2074ms
	BeginReloadAssembly (174ms)
		ExecutionOrderSort (0ms)
		DisableScriptedObjects (3ms)
		BackupInstance (0ms)
		ReleaseScriptingObjects (0ms)
		CreateAndSetChildDomain (42ms)
	RebuildCommonClasses (28ms)
	RebuildNativeTypeToScriptingClass (10ms)
	initialDomainReloadingComplete (32ms)
	LoadAllAssembliesAndSetupDomain (268ms)
		LoadAssemblies (307ms)
		RebuildTransferFunctionScriptingTraits (0ms)
		AnalyzeDomain (49ms)
			TypeCache.Refresh (12ms)
				TypeCache.ScanAssembly (0ms)
			ScanForSourceGeneratedMonoScriptInfo (21ms)
			ResolveRequiredComponents (15ms)
	FinalizeReload (1562ms)
		ReleaseScriptCaches (0ms)
		RebuildScriptCaches (0ms)
		SetupLoadedEditorAssemblies (862ms)
			LogAssemblyErrors (0ms)
			InitializePlatformSupportModulesInManaged (23ms)
			SetLoadedEditorAssemblies (7ms)
			RefreshPlugins (0ms)
			BeforeProcessingInitializeOnLoad (134ms)
			ProcessInitializeOnLoadAttributes (642ms)
			ProcessInitializeOnLoadMethodAttributes (44ms)
			AfterProcessingInitializeOnLoad (11ms)
			EditorAssembliesLoaded (0ms)
		ExecutionOrderSort2 (0ms)
		AwakeInstancesAfterBackupRestoration (10ms)
Shader 'Oculus/OVRMRCameraFrameLit': fallback shader 'Alpha-Diffuse' not found
Shader 'Meta/MRUK/Scene/HighlightsAndShadows': fallback shader 'Off' not found
Refreshing native plugins compatible for Editor in 31.34 ms, found 18 plugins.
Preloading 2 native plugins for Editor in 0.45 ms.
Unloading 7151 Unused Serialized files (Serialized files now loaded: 0)
Unloading 117 unused Assets / (489.2 KB). Loaded Objects now: 7794.
Memory consumption went from 231.6 MB to 231.1 MB.
Total: 8.100800 ms (FindLiveObjects: 0.485300 ms CreateObjectMapping: 0.156700 ms MarkObjects: 7.184500 ms  DeleteObjects: 0.273500 ms)

Prepare: number of updated asset objects reloaded= 0
AssetImportParameters requested are different than current active one (requested -> active):
  custom:container-demuxer-ogg: 62fdf1f143b41e24485cea50d1cbac27 -> 
  custom:scripting/precompiled-assembly-types:Unity.PlasticSCM.Editor: 6422b6ca0d4c4c6df738ede20396ac4f -> 61b19ddb92073bec3b858fc919e16e73
  custom:scripting/precompiled-assembly-types:Meta.XR.Audio.Editor: 1eac87452233ea86dd04901a7ceb57e0 -> c02188882d26f40a1917e6d94184aaf4
  custom:scripting/monoscript/fileName/FingersRotationFix.cs: 6439806d6c086de3cd17c471a7c782fa -> 
  custom:framework-win-MediaFoundation: 216162199b28c13a410421893ffa2e32 -> 
  custom:scripting/precompiled-assembly-types:Unity.Timeline.Editor: b4313fba5652ee5a8449f3ec85f31ae4 -> 534d7c71c4dd9147ea00599cede121e1
  custom:scripting/monoscript/fileName/HandRotationFixHandTracking.cs: 584554e38eeaf33baef55683427c44a8 -> 
  custom:scripting/monoscript/fileName/WirstHandTrackingTargetBone.cs: 3be4c68f302c5205bf06c712b3a3033a -> 
  custom:scripting/precompiled-assembly-types:Meta.XR.BuildingBlocks.Editor: 69bfac43088fc2ac006732773810bd46 -> a09f0738fd6c81a6db5bb2123aeae89d
  custom:container-muxer-webm: aa71ff27fc2769a1b78a27578f13a17b -> 
  custom:video-decoder-webm-vp8: 9c59270c3fd7afecdb556c50c9e8de78 -> 
  custom:SearchIndexIgnoredProperties: e643bd26f0fe6173181afceb89e7c659 -> 
  custom:AudioImporter_EditorPlatform: d09bf68614088b80899f8185d706f6e7 -> 
  custom:scripting/precompiled-assembly-types:Unity.VisualScripting.Core.Editor: 1ac958119c4ad755d50390246b13522a -> 39597c0f3a76e24d87d64afa59c5f88d
  custom:scripting/precompiled-assembly-types:Unity.InputSystem: 7e4ac2e2a87c4f80cdf0b0a4975e85dc -> 785cafa545bbe73e3ae893412b423588
  custom:scripting/precompiled-assembly-types:Oculus.VR: 6502b0247b46d197562b215adc00fa8c -> 7c8b897337947a27720ebc9478aae940
  custom:scripting/precompiled-assembly-types:Meta.WitAi.Conduit.Editor: 02d324be68c4777f7dcd4423c11d1b60 -> ef9a63f8b87d060d528155e044066a30
  custom:audio-decoder-ogg-vorbis: bf7c407c2cedff20999df2af8eb42d56 -> 
  custom:audio-encoder-webm-vorbis: bf7c407c2cedff20999df2af8eb42d56 -> 
  custom:scripting/precompiled-assembly-types:Assembly-CSharp: b1e5321807aa57eb26ca972c346de68a -> f519a94d776700ab39c48ba2ff3bd269
  custom:scripting/precompiled-assembly-types:Meta.XR.ImmersiveDebugger.Editor: 910d623f458ea727ba7150025b07dd4b -> e6c34eecc89e2b6ec09aad3c749c8e7c
  custom:video-decoder-ogg-theora: a1e56fd34408186e4bbccfd4996cb3dc -> 
  custom:CustomObjectIndexerAttribute: 9a22284fe3817be447336de3de66b15e -> 
  custom:container-demuxer-webm: 4f35f7cbe854078d1ac9338744f61a02 -> 
  custom:scripting/precompiled-assembly-types:Unity.XR.OpenXR: 1824cdf5325d3e8dd1885d4f9c5aa8bf -> 10bc3f1864d59f230b0a53c5ec5cc9c8
  custom:scripting/precompiled-assembly-types:UnityEngine.TestRunner: 7a4d96a0696e29157328c6996c3b82c5 -> f5758234275f5346968d00e3b1a1c0e4
  custom:video-encoder-webm-vp8: eb34c28f22e8b96e1ab97ce403110664 -> 
========================================================================
Received Import Request.
  Time since last request: 97.644722 seconds.
  path: Assets/Scripts/WirstHandTrackingTargetBone.cs
  artifactKey: Guid(da167bfaf2b35354483c2d6a13be7d0a) Importer(815301076,1909f56bfc062723c751e8b465ee728b)
Start importing Assets/Scripts/WirstHandTrackingTargetBone.cs using Guid(da167bfaf2b35354483c2d6a13be7d0a) Importer(815301076,1909f56bfc062723c751e8b465ee728b) [PhysX] Initialized MultithreadedTaskDispatcher with 32 workers.
 -> (artifact id: '25a12900c701fdf5d60c177cba8cb748') in 0.003970 seconds
Number of updated asset objects reloaded before import = 0
Number of asset objects unloaded after import = 0
========================================================================
Received Prepare
Caller must complete domain reload
Begin MonoManager ReloadAssembly
Symbol file LoadedFromMemory is not a mono symbol file
- Loaded All Assemblies, in  0.508 seconds
Native extension for UWP target not found
Native extension for WindowsStandalone target not found
Native extension for Android target not found
Native extension for WebGL target not found
[Package Manager] Server::EnsureServerProcessIsRunning -- launch failed, reason: Unity was launched with the -noUpm command-line argument
[Package Manager] UpmClient::Send -- Unable to send message (not connected to UPM process).
[Package Manager] Cannot connect to Unity Package Manager local server
[Package Manager] Server::EnsureServerProcessIsRunning -- launch failed, reason: Unity was launched with the -noUpm command-line argument
[Package Manager] UpmClient::Send -- Unable to send message (not connected to UPM process).
[Package Manager] Cannot connect to Unity Package Manager local server
[Package Manager] Server::EnsureServerProcessIsRunning -- launch failed, reason: Unity was launched with the -noUpm command-line argument
[Package Manager] UpmClient::Send -- Unable to send message (not connected to UPM process).
[Package Manager] Cannot connect to Unity Package Manager local server
Mono: successfully reloaded assembly
[Package Manager] Server::EnsureServerProcessIsRunning -- launch failed, reason: Unity was launched with the -noUpm command-line argument
[Package Manager] UpmClient::Send -- Unable to send message (not connected to UPM process).
[Package Manager] Cannot connect to Unity Package Manager local server
- Finished resetting the current domain, in  1.287 seconds
Domain Reload Profiling: 1788ms
	BeginReloadAssembly (149ms)
		ExecutionOrderSort (0ms)
		DisableScriptedObjects (3ms)
		BackupInstance (0ms)
		ReleaseScriptingObjects (0ms)
		CreateAndSetChildDomain (44ms)
	RebuildCommonClasses (24ms)
	RebuildNativeTypeToScriptingClass (8ms)
	initialDomainReloadingComplete (24ms)
	LoadAllAssembliesAndSetupDomain (297ms)
		LoadAssemblies (302ms)
		RebuildTransferFunctionScriptingTraits (0ms)
		AnalyzeDomain (61ms)
			TypeCache.Refresh (16ms)
				TypeCache.ScanAssembly (0ms)
			ScanForSourceGeneratedMonoScriptInfo (27ms)
			ResolveRequiredComponents (16ms)
	FinalizeReload (1287ms)
		ReleaseScriptCaches (0ms)
		RebuildScriptCaches (0ms)
		SetupLoadedEditorAssemblies (729ms)
			LogAssemblyErrors (0ms)
			InitializePlatformSupportModulesInManaged (31ms)
			SetLoadedEditorAssemblies (13ms)
			RefreshPlugins (0ms)
			BeforeProcessingInitializeOnLoad (171ms)
			ProcessInitializeOnLoadAttributes (463ms)
			ProcessInitializeOnLoadMethodAttributes (46ms)
			AfterProcessingInitializeOnLoad (5ms)
			EditorAssembliesLoaded (0ms)
		ExecutionOrderSort2 (0ms)
		AwakeInstancesAfterBackupRestoration (7ms)
Shader 'Oculus/OVRMRCameraFrameLit': fallback shader 'Alpha-Diffuse' not found
Shader 'Meta/MRUK/Scene/HighlightsAndShadows': fallback shader 'Off' not found
Refreshing native plugins compatible for Editor in 26.52 ms, found 18 plugins.
Preloading 2 native plugins for Editor in 0.44 ms.
Unloading 7149 Unused Serialized files (Serialized files now loaded: 0)
Unloading 118 unused Assets / (497.9 KB). Loaded Objects now: 7797.
Memory consumption went from 231.4 MB to 230.9 MB.
Total: 6.466100 ms (FindLiveObjects: 0.287600 ms CreateObjectMapping: 0.132100 ms MarkObjects: 5.780000 ms  DeleteObjects: 0.264900 ms)

Prepare: number of updated asset objects reloaded= 0
AssetImportParameters requested are different than current active one (requested -> active):
  custom:container-demuxer-ogg: 62fdf1f143b41e24485cea50d1cbac27 -> 
  custom:scripting/precompiled-assembly-types:Unity.PlasticSCM.Editor: 6422b6ca0d4c4c6df738ede20396ac4f -> 61b19ddb92073bec3b858fc919e16e73
  custom:scripting/precompiled-assembly-types:Meta.XR.Audio.Editor: 1eac87452233ea86dd04901a7ceb57e0 -> c02188882d26f40a1917e6d94184aaf4
  custom:scripting/monoscript/fileName/FingersRotationFix.cs: 6439806d6c086de3cd17c471a7c782fa -> 
  custom:framework-win-MediaFoundation: 216162199b28c13a410421893ffa2e32 -> 
  custom:scripting/precompiled-assembly-types:Unity.Timeline.Editor: b4313fba5652ee5a8449f3ec85f31ae4 -> 534d7c71c4dd9147ea00599cede121e1
  custom:scripting/monoscript/fileName/HandRotationFixHandTracking.cs: 584554e38eeaf33baef55683427c44a8 -> 
  custom:scripting/monoscript/fileName/WirstHandTrackingTargetBone.cs: 3be4c68f302c5205bf06c712b3a3033a -> 
  custom:scripting/precompiled-assembly-types:Meta.XR.BuildingBlocks.Editor: 69bfac43088fc2ac006732773810bd46 -> a09f0738fd6c81a6db5bb2123aeae89d
  custom:container-muxer-webm: aa71ff27fc2769a1b78a27578f13a17b -> 
  custom:video-decoder-webm-vp8: 9c59270c3fd7afecdb556c50c9e8de78 -> 
  custom:SearchIndexIgnoredProperties: e643bd26f0fe6173181afceb89e7c659 -> 
  custom:AudioImporter_EditorPlatform: d09bf68614088b80899f8185d706f6e7 -> 
  custom:scripting/precompiled-assembly-types:Unity.VisualScripting.Core.Editor: 1ac958119c4ad755d50390246b13522a -> 39597c0f3a76e24d87d64afa59c5f88d
  custom:scripting/precompiled-assembly-types:Unity.InputSystem: 7e4ac2e2a87c4f80cdf0b0a4975e85dc -> 785cafa545bbe73e3ae893412b423588
  custom:scripting/precompiled-assembly-types:Oculus.VR: 6502b0247b46d197562b215adc00fa8c -> 7c8b897337947a27720ebc9478aae940
  custom:scripting/precompiled-assembly-types:Meta.WitAi.Conduit.Editor: 02d324be68c4777f7dcd4423c11d1b60 -> ef9a63f8b87d060d528155e044066a30
  custom:audio-decoder-ogg-vorbis: bf7c407c2cedff20999df2af8eb42d56 -> 
  custom:audio-encoder-webm-vorbis: bf7c407c2cedff20999df2af8eb42d56 -> 
  custom:scripting/precompiled-assembly-types:Assembly-CSharp: 13c0ad303ddfcc75e4f4e204ae2e075f -> f519a94d776700ab39c48ba2ff3bd269
  custom:scripting/precompiled-assembly-types:Meta.XR.ImmersiveDebugger.Editor: 910d623f458ea727ba7150025b07dd4b -> e6c34eecc89e2b6ec09aad3c749c8e7c
  custom:video-decoder-ogg-theora: a1e56fd34408186e4bbccfd4996cb3dc -> 
  custom:CustomObjectIndexerAttribute: 9a22284fe3817be447336de3de66b15e -> 
  custom:container-demuxer-webm: 4f35f7cbe854078d1ac9338744f61a02 -> 
  custom:scripting/precompiled-assembly-types:Unity.XR.OpenXR: 1824cdf5325d3e8dd1885d4f9c5aa8bf -> 10bc3f1864d59f230b0a53c5ec5cc9c8
  custom:scripting/precompiled-assembly-types:UnityEngine.TestRunner: 7a4d96a0696e29157328c6996c3b82c5 -> f5758234275f5346968d00e3b1a1c0e4
  custom:video-encoder-webm-vp8: eb34c28f22e8b96e1ab97ce403110664 -> 
========================================================================
Received Import Request.
  Time since last request: 50.766339 seconds.
  path: Assets/Scripts/WristHandTrackingTargetBone.cs
  artifactKey: Guid(9a51f9650978e174aa637d50d1f22c45) Importer(815301076,1909f56bfc062723c751e8b465ee728b)
Start importing Assets/Scripts/WristHandTrackingTargetBone.cs using Guid(9a51f9650978e174aa637d50d1f22c45) Importer(815301076,1909f56bfc062723c751e8b465ee728b) [PhysX] Initialized MultithreadedTaskDispatcher with 32 workers.
 -> (artifact id: 'e7e248435d2723898e286ec008596502') in 0.004109 seconds
Number of updated asset objects reloaded before import = 0
Number of asset objects unloaded after import = 0
========================================================================
Received Prepare
Caller must complete domain reload
Begin MonoManager ReloadAssembly
Symbol file LoadedFromMemory is not a mono symbol file
- Loaded All Assemblies, in  0.508 seconds
Native extension for UWP target not found
Native extension for WindowsStandalone target not found
Native extension for Android target not found
Native extension for WebGL target not found
[Package Manager] Server::EnsureServerProcessIsRunning -- launch failed, reason: Unity was launched with the -noUpm command-line argument
[Package Manager] UpmClient::Send -- Unable to send message (not connected to UPM process).
[Package Manager] Cannot connect to Unity Package Manager local server
[Package Manager] Server::EnsureServerProcessIsRunning -- launch failed, reason: Unity was launched with the -noUpm command-line argument
[Package Manager] UpmClient::Send -- Unable to send message (not connected to UPM process).
[Package Manager] Cannot connect to Unity Package Manager local server
[Package Manager] Server::EnsureServerProcessIsRunning -- launch failed, reason: Unity was launched with the -noUpm command-line argument
[Package Manager] UpmClient::Send -- Unable to send message (not connected to UPM process).
[Package Manager] Cannot connect to Unity Package Manager local server
Mono: successfully reloaded assembly
[Package Manager] Server::EnsureServerProcessIsRunning -- launch failed, reason: Unity was launched with the -noUpm command-line argument
[Package Manager] UpmClient::Send -- Unable to send message (not connected to UPM process).
[Package Manager] Cannot connect to Unity Package Manager local server
- Finished resetting the current domain, in  1.226 seconds
Domain Reload Profiling: 1730ms
	BeginReloadAssembly (165ms)
		ExecutionOrderSort (0ms)
		DisableScriptedObjects (4ms)
		BackupInstance (0ms)
		ReleaseScriptingObjects (0ms)
		CreateAndSetChildDomain (56ms)
	RebuildCommonClasses (24ms)
	RebuildNativeTypeToScriptingClass (8ms)
	initialDomainReloadingComplete (20ms)
	LoadAllAssembliesAndSetupDomain (287ms)
		LoadAssemblies (304ms)
		RebuildTransferFunctionScriptingTraits (0ms)
		AnalyzeDomain (47ms)
			TypeCache.Refresh (11ms)
				TypeCache.ScanAssembly (0ms)
			ScanForSourceGeneratedMonoScriptInfo (20ms)
			ResolveRequiredComponents (15ms)
	FinalizeReload (1226ms)
		ReleaseScriptCaches (0ms)
		RebuildScriptCaches (0ms)
		SetupLoadedEditorAssemblies (757ms)
			LogAssemblyErrors (0ms)
			InitializePlatformSupportModulesInManaged (22ms)
			SetLoadedEditorAssemblies (9ms)
			RefreshPlugins (0ms)
			BeforeProcessingInitializeOnLoad (178ms)
			ProcessInitializeOnLoadAttributes (502ms)
			ProcessInitializeOnLoadMethodAttributes (41ms)
			AfterProcessingInitializeOnLoad (5ms)
			EditorAssembliesLoaded (0ms)
		ExecutionOrderSort2 (0ms)
		AwakeInstancesAfterBackupRestoration (8ms)
Shader 'Oculus/OVRMRCameraFrameLit': fallback shader 'Alpha-Diffuse' not found
Shader 'Meta/MRUK/Scene/HighlightsAndShadows': fallback shader 'Off' not found
Refreshing native plugins compatible for Editor in 23.78 ms, found 18 plugins.
Preloading 2 native plugins for Editor in 0.44 ms.
Unloading 7150 Unused Serialized files (Serialized files now loaded: 0)
Unloading 117 unused Assets / (489.5 KB). Loaded Objects now: 7802.
Memory consumption went from 231.2 MB to 230.8 MB.
Total: 8.624600 ms (FindLiveObjects: 0.371900 ms CreateObjectMapping: 0.142200 ms MarkObjects: 7.842500 ms  DeleteObjects: 0.266400 ms)

Prepare: number of updated asset objects reloaded= 0
AssetImportParameters requested are different than current active one (requested -> active):
  custom:container-demuxer-ogg: 62fdf1f143b41e24485cea50d1cbac27 -> 
  custom:scripting/precompiled-assembly-types:Unity.PlasticSCM.Editor: 6422b6ca0d4c4c6df738ede20396ac4f -> 61b19ddb92073bec3b858fc919e16e73
  custom:scripting/precompiled-assembly-types:Meta.XR.Audio.Editor: 1eac87452233ea86dd04901a7ceb57e0 -> c02188882d26f40a1917e6d94184aaf4
  custom:scripting/monoscript/fileName/FingersRotationFix.cs: 6439806d6c086de3cd17c471a7c782fa -> 
  custom:framework-win-MediaFoundation: 216162199b28c13a410421893ffa2e32 -> 
  custom:scripting/precompiled-assembly-types:Unity.Timeline.Editor: b4313fba5652ee5a8449f3ec85f31ae4 -> 534d7c71c4dd9147ea00599cede121e1
  custom:scripting/monoscript/fileName/HandRotationFixHandTracking.cs: 584554e38eeaf33baef55683427c44a8 -> 
  custom:scripting/monoscript/fileName/WirstHandTrackingTargetBone.cs: 3be4c68f302c5205bf06c712b3a3033a -> 
  custom:scripting/precompiled-assembly-types:Meta.XR.BuildingBlocks.Editor: 69bfac43088fc2ac006732773810bd46 -> a09f0738fd6c81a6db5bb2123aeae89d
  custom:container-muxer-webm: aa71ff27fc2769a1b78a27578f13a17b -> 
  custom:video-decoder-webm-vp8: 9c59270c3fd7afecdb556c50c9e8de78 -> 
  custom:SearchIndexIgnoredProperties: e643bd26f0fe6173181afceb89e7c659 -> 
  custom:AudioImporter_EditorPlatform: d09bf68614088b80899f8185d706f6e7 -> 
  custom:scripting/precompiled-assembly-types:Unity.VisualScripting.Core.Editor: 1ac958119c4ad755d50390246b13522a -> 39597c0f3a76e24d87d64afa59c5f88d
  custom:scripting/monoscript/fileName/WristHandTrackingTargetBone.cs: e931581cd8cc4527e8acba909502a5a2 -> 
  custom:scripting/precompiled-assembly-types:Unity.InputSystem: 7e4ac2e2a87c4f80cdf0b0a4975e85dc -> 785cafa545bbe73e3ae893412b423588
  custom:scripting/precompiled-assembly-types:Oculus.VR: 6502b0247b46d197562b215adc00fa8c -> 7c8b897337947a27720ebc9478aae940
  custom:scripting/precompiled-assembly-types:Meta.WitAi.Conduit.Editor: 02d324be68c4777f7dcd4423c11d1b60 -> ef9a63f8b87d060d528155e044066a30
  custom:audio-decoder-ogg-vorbis: bf7c407c2cedff20999df2af8eb42d56 -> 
  custom:audio-encoder-webm-vorbis: bf7c407c2cedff20999df2af8eb42d56 -> 
  custom:scripting/precompiled-assembly-types:Assembly-CSharp: 7c52c1ba8e5f49c1f512ec06b88ccdc1 -> f519a94d776700ab39c48ba2ff3bd269
  custom:scripting/precompiled-assembly-types:Meta.XR.ImmersiveDebugger.Editor: 910d623f458ea727ba7150025b07dd4b -> e6c34eecc89e2b6ec09aad3c749c8e7c
  custom:video-decoder-ogg-theora: a1e56fd34408186e4bbccfd4996cb3dc -> 
  custom:CustomObjectIndexerAttribute: 9a22284fe3817be447336de3de66b15e -> 
  custom:container-demuxer-webm: 4f35f7cbe854078d1ac9338744f61a02 -> 
  custom:scripting/precompiled-assembly-types:Unity.XR.OpenXR: 1824cdf5325d3e8dd1885d4f9c5aa8bf -> 10bc3f1864d59f230b0a53c5ec5cc9c8
  custom:scripting/precompiled-assembly-types:UnityEngine.TestRunner: 7a4d96a0696e29157328c6996c3b82c5 -> f5758234275f5346968d00e3b1a1c0e4
  custom:video-encoder-webm-vp8: eb34c28f22e8b96e1ab97ce403110664 -> 
========================================================================
Received Import Request.
  Time since last request: 7.201481 seconds.
  path: Assets/Scripts/WristHandTrackingTargetBone.cs
  artifactKey: Guid(9a51f9650978e174aa637d50d1f22c45) Importer(815301076,1909f56bfc062723c751e8b465ee728b)
Start importing Assets/Scripts/WristHandTrackingTargetBone.cs using Guid(9a51f9650978e174aa637d50d1f22c45) Importer(815301076,1909f56bfc062723c751e8b465ee728b) [PhysX] Initialized MultithreadedTaskDispatcher with 32 workers.
 -> (artifact id: 'fb63db5f7440d1d3ef5612b8e8edea81') in 0.001597 seconds
Number of updated asset objects reloaded before import = 0
Number of asset objects unloaded after import = 0
========================================================================
Received Import Request.
  Time since last request: 171.825353 seconds.
  path: Assets/Scripts/WristHandTrackingTargetBone.cs
  artifactKey: Guid(9a51f9650978e174aa637d50d1f22c45) Importer(815301076,1909f56bfc062723c751e8b465ee728b)
Start importing Assets/Scripts/WristHandTrackingTargetBone.cs using Guid(9a51f9650978e174aa637d50d1f22c45) Importer(815301076,1909f56bfc062723c751e8b465ee728b) [PhysX] Initialized MultithreadedTaskDispatcher with 32 workers.
 -> (artifact id: '7426ae2e166357805dcd29a1d98e542f') in 0.000774 seconds
Number of updated asset objects reloaded before import = 0
Number of asset objects unloaded after import = 0
========================================================================
Received Prepare
Caller must complete domain reload
Begin MonoManager ReloadAssembly
Symbol file LoadedFromMemory is not a mono symbol file
- Loaded All Assemblies, in  0.602 seconds
Native extension for UWP target not found
Native extension for WindowsStandalone target not found
Native extension for Android target not found
Native extension for WebGL target not found
[Package Manager] Server::EnsureServerProcessIsRunning -- launch failed, reason: Unity was launched with the -noUpm command-line argument
[Package Manager] UpmClient::Send -- Unable to send message (not connected to UPM process).
[Package Manager] Cannot connect to Unity Package Manager local server
[Package Manager] Server::EnsureServerProcessIsRunning -- launch failed, reason: Unity was launched with the -noUpm command-line argument
[Package Manager] UpmClient::Send -- Unable to send message (not connected to UPM process).
[Package Manager] Cannot connect to Unity Package Manager local server
[Package Manager] Server::EnsureServerProcessIsRunning -- launch failed, reason: Unity was launched with the -noUpm command-line argument
[Package Manager] UpmClient::Send -- Unable to send message (not connected to UPM process).
[Package Manager] Cannot connect to Unity Package Manager local server
Mono: successfully reloaded assembly
[Package Manager] Server::EnsureServerProcessIsRunning -- launch failed, reason: Unity was launched with the -noUpm command-line argument
[Package Manager] UpmClient::Send -- Unable to send message (not connected to UPM process).
[Package Manager] Cannot connect to Unity Package Manager local server
- Finished resetting the current domain, in  1.183 seconds
Domain Reload Profiling: 1777ms
	BeginReloadAssembly (199ms)
		ExecutionOrderSort (0ms)
		DisableScriptedObjects (4ms)
		BackupInstance (0ms)
		ReleaseScriptingObjects (0ms)
		CreateAndSetChildDomain (61ms)
	RebuildCommonClasses (32ms)
	RebuildNativeTypeToScriptingClass (13ms)
	initialDomainReloadingComplete (31ms)
	LoadAllAssembliesAndSetupDomain (319ms)
		LoadAssemblies (357ms)
		RebuildTransferFunctionScriptingTraits (0ms)
		AnalyzeDomain (51ms)
			TypeCache.Refresh (13ms)
				TypeCache.ScanAssembly (0ms)
			ScanForSourceGeneratedMonoScriptInfo (22ms)
			ResolveRequiredComponents (15ms)
	FinalizeReload (1183ms)
		ReleaseScriptCaches (0ms)
		RebuildScriptCaches (0ms)
		SetupLoadedEditorAssemblies (625ms)
			LogAssemblyErrors (0ms)
			InitializePlatformSupportModulesInManaged (15ms)
			SetLoadedEditorAssemblies (7ms)
			RefreshPlugins (0ms)
			BeforeProcessingInitializeOnLoad (84ms)
			ProcessInitializeOnLoadAttributes (468ms)
			ProcessInitializeOnLoadMethodAttributes (46ms)
			AfterProcessingInitializeOnLoad (4ms)
			EditorAssembliesLoaded (0ms)
		ExecutionOrderSort2 (0ms)
		AwakeInstancesAfterBackupRestoration (7ms)
Shader 'Oculus/OVRMRCameraFrameLit': fallback shader 'Alpha-Diffuse' not found
Shader 'Meta/MRUK/Scene/HighlightsAndShadows': fallback shader 'Off' not found
Refreshing native plugins compatible for Editor in 29.88 ms, found 18 plugins.
Preloading 2 native plugins for Editor in 0.49 ms.
Unloading 7150 Unused Serialized files (Serialized files now loaded: 0)
Unloading 117 unused Assets / (497.6 KB). Loaded Objects now: 7806.
Memory consumption went from 231.4 MB to 230.9 MB.
Total: 8.146000 ms (FindLiveObjects: 0.573600 ms CreateObjectMapping: 0.163400 ms MarkObjects: 7.124900 ms  DeleteObjects: 0.282800 ms)

Prepare: number of updated asset objects reloaded= 0
AssetImportParameters requested are different than current active one (requested -> active):
  custom:container-demuxer-ogg: 62fdf1f143b41e24485cea50d1cbac27 -> 
  custom:scripting/precompiled-assembly-types:Unity.PlasticSCM.Editor: 6422b6ca0d4c4c6df738ede20396ac4f -> 61b19ddb92073bec3b858fc919e16e73
  custom:scripting/precompiled-assembly-types:Meta.XR.Audio.Editor: 1eac87452233ea86dd04901a7ceb57e0 -> c02188882d26f40a1917e6d94184aaf4
  custom:scripting/monoscript/fileName/FingersRotationFix.cs: 6439806d6c086de3cd17c471a7c782fa -> 
  custom:framework-win-MediaFoundation: 216162199b28c13a410421893ffa2e32 -> 
  custom:scripting/precompiled-assembly-types:Unity.Timeline.Editor: b4313fba5652ee5a8449f3ec85f31ae4 -> 534d7c71c4dd9147ea00599cede121e1
  custom:scripting/monoscript/fileName/HandRotationFixHandTracking.cs: 584554e38eeaf33baef55683427c44a8 -> 
  custom:scripting/monoscript/fileName/WirstHandTrackingTargetBone.cs: 3be4c68f302c5205bf06c712b3a3033a -> 
  custom:scripting/precompiled-assembly-types:Meta.XR.BuildingBlocks.Editor: 69bfac43088fc2ac006732773810bd46 -> a09f0738fd6c81a6db5bb2123aeae89d
  custom:container-muxer-webm: aa71ff27fc2769a1b78a27578f13a17b -> 
  custom:video-decoder-webm-vp8: 9c59270c3fd7afecdb556c50c9e8de78 -> 
  custom:SearchIndexIgnoredProperties: e643bd26f0fe6173181afceb89e7c659 -> 
  custom:AudioImporter_EditorPlatform: d09bf68614088b80899f8185d706f6e7 -> 
  custom:scripting/precompiled-assembly-types:Unity.VisualScripting.Core.Editor: 1ac958119c4ad755d50390246b13522a -> 39597c0f3a76e24d87d64afa59c5f88d
  custom:scripting/monoscript/fileName/WristHandTrackingTargetBone.cs: e931581cd8cc4527e8acba909502a5a2 -> 
  custom:scripting/precompiled-assembly-types:Unity.InputSystem: 7e4ac2e2a87c4f80cdf0b0a4975e85dc -> 785cafa545bbe73e3ae893412b423588
  custom:scripting/precompiled-assembly-types:Oculus.VR: 6502b0247b46d197562b215adc00fa8c -> 7c8b897337947a27720ebc9478aae940
  custom:scripting/precompiled-assembly-types:Meta.WitAi.Conduit.Editor: 02d324be68c4777f7dcd4423c11d1b60 -> ef9a63f8b87d060d528155e044066a30
  custom:audio-decoder-ogg-vorbis: bf7c407c2cedff20999df2af8eb42d56 -> 
  custom:audio-encoder-webm-vorbis: bf7c407c2cedff20999df2af8eb42d56 -> 
  custom:scripting/precompiled-assembly-types:Assembly-CSharp: 7c52c1ba8e5f49c1f512ec06b88ccdc1 -> f519a94d776700ab39c48ba2ff3bd269
  custom:scripting/precompiled-assembly-types:Meta.XR.ImmersiveDebugger.Editor: 910d623f458ea727ba7150025b07dd4b -> e6c34eecc89e2b6ec09aad3c749c8e7c
  custom:video-decoder-ogg-theora: a1e56fd34408186e4bbccfd4996cb3dc -> 
  custom:CustomObjectIndexerAttribute: 9a22284fe3817be447336de3de66b15e -> 
  custom:container-demuxer-webm: 4f35f7cbe854078d1ac9338744f61a02 -> 
  custom:scripting/precompiled-assembly-types:Unity.XR.OpenXR: 1824cdf5325d3e8dd1885d4f9c5aa8bf -> 10bc3f1864d59f230b0a53c5ec5cc9c8
  custom:scripting/precompiled-assembly-types:UnityEngine.TestRunner: 7a4d96a0696e29157328c6996c3b82c5 -> f5758234275f5346968d00e3b1a1c0e4
  custom:video-encoder-webm-vp8: eb34c28f22e8b96e1ab97ce403110664 -> 
========================================================================
Received Import Request.
  Time since last request: 15.984853 seconds.
  path: Assets/Scripts/FingerRigHandTrackingTargetBone.cs
  artifactKey: Guid(c43d6ff23be5fbe4f9ea118faea245b5) Importer(815301076,1909f56bfc062723c751e8b465ee728b)
Start importing Assets/Scripts/FingerRigHandTrackingTargetBone.cs using Guid(c43d6ff23be5fbe4f9ea118faea245b5) Importer(815301076,1909f56bfc062723c751e8b465ee728b) [PhysX] Initialized MultithreadedTaskDispatcher with 32 workers.
 -> (artifact id: 'a17f4eb53e95088aa177c73414ab3e21') in 0.003820 seconds
Number of updated asset objects reloaded before import = 0
Number of asset objects unloaded after import = 0
